,N1,N2,d1,d2,freq,move_tx,move_rx,offset_tx,offset_rx,per,space1,space2,space3,space4,space5,space6,l1,l2,h1,w1,I1,I2,volume,total_loss,Lmt,Lmr,Llt,Llr,R1,R2,copperloss_tx,copperloss_rx,copperloss,coreloss
0,12.474713576125342,16.850347823774154,1.630034405653022,1.630313869639171,40008.6897982724,3.6019301716614334,3.1304289222133628,-5.823335932280767,4.49783124007992,3500.5906465534595,3.8673934889915316,9.14812695819862,5.215831576401919,10.089268983025622,2.29824526757657,2.3773586353575684,8.059213874617278,15.62880329211922,40.70549063943514,27.134560200346442,0.43638873830291874,0.31700084846173926,193.74307239367022,27.485135448419584,2306.3865007304667,4283.986554690603,11506980.160231326,19476637.06053957,0.03182957901211769,0.05464485170403149,0.6050675651887526,0.549120650288642,1.1541882154773946,26.3309472329422
1,12.485274150523908,16.857792100406783,1.630409777758609,1.6303511027941138,39995.598639665564,3.6231185326637116,3.110715052967701,-7.527600207682917,7.7842728868547155,3500.4532865640595,1.9288810663722347,14.014023297637479,5.21050556749696,10.609699843815942,2.300453075550701,2.3778522397688104,14.999983329626616,20.534351659420988,45.516536241036604,89.74810673006935,0.4365921622708677,0.31689507507719994,895.6834579630972,4.2862382606869245,10547.119493123391,19282.05070262854,36149491.282828264,58138596.85990558,0.05338233905083744,0.08887166624619561,1.0147769124207995,0.893062486941395,1.9078393993621945,2.378398861324732
2,12.474796762291609,16.88644625113217,1.6300344154697413,1.630311438378508,40007.541124459036,3.602340300614188,3.1296706616489285,-7.427396207583696,5.438673309295575,3500.526414427578,4.138305272357297,9.150049079498036,5.2130975157668935,10.089273959347562,2.3014986620691267,2.3773091993782605,8.34475658096896,15.567901976470088,40.654440122509904,27.446776744626234,0.4363405408584212,0.31705034052429215,199.81284921916884,25.90478249594042,2357.8767672360937,4385.797481020933,13465168.00347144,20993035.772536315,0.03220896977789477,0.05422850702229287,0.6122796318898686,0.5449368442163188,1.1572164761061874,24.747566019834224
3,12.470034218016524,16.95301354425644,1.6302353802930794,1.6303038560163172,39993.280116534304,3.586510852940868,2.9184258570044483,-5.028737434204565,5.640973673995808,3500.4649499811385,1.975275880873635,9.1459653986434,5.205434623019482,9.991225754044201,2.2925986843318418,2.3768536324752243,8.09198739633345,15.62239205139094,40.75820067245719,39.791469471083296,0.4363108593899354,0.31684908781875026,239.64040041597374,16.249349482777767,3465.874885897282,6424.913707003551,11845616.10514623,23203016.592710137,0.03428012285911406,0.06877931886026435,0.6516514235026147,0.6911564972949105,1.3428079207975252,14.90654156198024
4,12.474929329489731,16.881322495108982,1.630208553400282,1.6302887708181122,40009.39905886169,3.73356705390878,3.130890953529594,-5.360825907809046,5.509467856857905,3500.5333958263964,2.2084881370258747,9.264610033042278,5.414102501432491,10.090203327970453,2.297263974495661,2.3731720753414596,9.952283557399717,15.67068313089837,40.741793476456145,45.56795432813344,0.4363336826284121,0.31705220393209715,311.2207125176366,10.823742993500673,4493.458671200087,8314.386972721779,14330498.95748648,26848820.212610915,0.03595740738978698,0.06922600029097384,0.6835359315168946,0.695645154323967,1.3791810858408615,9.444561907659805
5,12.464491765430958,16.884168551976824,1.6303662596390207,1.6304651220170316,40007.74712764058,3.6115295756343047,2.987200811426131,-7.478776111524814,6.657339562523582,3500.466874369643,3.961192146315952,8.983119131305765,5.187786177064831,10.003424766874343,2.295893109090336,2.3735280075207803,8.012938999073592,16.504261396809184,41.87894349249672,36.916788226898156,0.43632279594577505,0.31779418427621675,238.47469832467175,18.628173671820118,2980.2437061885134,5500.126356072176,16092150.055933481,26698226.098945603,0.033322838349648234,0.06475306758668056,0.6334538278914732,0.6506971008717943,1.2841509287632675,17.34402274305685
6,12.475362966403114,16.937156955190154,1.630316603788904,1.63030214515956,40007.42564029756,3.5656478444748334,3.124350307637044,-5.742655261728472,4.612977956618527,3500.4599907794372,2.165858435868693,9.072529497526405,5.336052163719144,10.089442996622125,2.3034592993712493,2.3786803653619546,8.005600976497005,15.622206050343468,41.030299707652304,29.952380202313723,0.4364333563459563,0.31711515794247197,203.96744363264196,24.20891200329766,2688.120738134684,5027.030131937606,11786342.140483262,21472556.141945057,0.03134975577593462,0.05648779627813109,0.5959463173982069,0.5676402160193115,1.1635865334175184,23.04532546988013
7,12.460557151058326,16.93825717666535,1.6302600290041027,1.6303048404065716,40008.068532594174,3.6377195548346104,3.02066642227093,-7.312328182697476,5.8658080516291715,3500.5471149688137,1.9313510626107993,10.192123624434938,5.525850505498959,10.320409293957853,2.305377520213951,2.374352525411001,9.996529727111138,16.522265162657785,40.62389686565472,90.89911749884675,0.4363482624199904,0.3168869973740448,522.0148719051398,5.574678305644735,8563.139766297825,15788.564620075458,26311813.13749111,47947003.20599573,0.05918946585396242,0.10144418835790366,1.1251680700974842,1.0194025043897381,2.144570574487222,3.4301077311575106
8,12.462478324644737,16.939789833153366,1.6303730904121907,1.6303469627733373,39994.84890994567,3.5653641066868387,3.126455822515001,-7.68967913957356,5.433508647420037,3500.4941974130315,1.8585691180506483,9.303403390455685,5.110975928209805,10.09702389992393,2.305029340063059,2.379783336271762,9.984476742561837,16.537843960391964,40.946675572643706,41.97072681261178,0.4363432230389699,0.31699488226656836,304.908566012818,12.171335197096191,4108.677758718613,7505.110377507719,14392141.753159959,27451582.97611761,0.03589517648508157,0.06874919166105613,0.6823529469108067,0.6908537520827869,1.3732066989935936,10.798128498102596
9,12.474784055424736,16.85643446420566,1.6303119260386791,1.6303501430531646,39996.098489346994,3.7290068005033565,3.098070205206201,-8.7154015715289,8.017464575203867,3500.5484304281854,1.871740731864523,10.560321945543784,5.501966764940448,10.73167758964939,2.3042127920593085,2.3671276210129752,14.958846533563696,16.841935828918572,45.55144879920829,89.79015317166743,0.43635292236478695,0.31766312899668486,830.1272559597136,4.371139102835858,10949.863380479153,20079.703348689465,33917344.18723798,58778203.33954621,0.058420346420696115,0.09576312497668163,1.110547417318865,0.962314066578176,2.072861483897041,2.298277618938817
10,12.474017006493689,16.85655119453946,1.6303600822178137,1.6303075350339453,39992.869912509486,3.636084483152909,3.0997183434906463,-7.729306941727087,5.876838647785009,3500.5493049115075,2.0199459228735424,10.110509680566716,5.508104463921763,10.355114293157593,2.294066862903816,2.367475998218319,9.264079229762075,16.35669909175522,41.479866235900616,91.0768574132434,0.43634459055941166,0.317176494542134,494.6734804034652,5.863490361131371,8430.033471440067,15417.323418596332,28136026.178815216,47432293.86093203,0.05783676671220385,0.09807521604242608,1.0994538004923105,0.9855480384887354,2.0850018389810456,3.7784885221503246
11,12.44217280769124,16.856447695554916,1.6302364582358069,1.6303189828404063,40001.39476062463,3.6273210893353807,3.138997335840292,-8.910810230248982,7.586553205650899,3500.536571065384,1.8488444378131028,10.15597474765722,5.476129177561358,10.354066290959818,2.297768977198283,2.366608406675433,12.630761522307669,16.565103577047477,45.574508831348936,93.76951393795385,0.43638834379701125,0.3176695826035115,716.0643057921761,4.637673678547064,9463.791678440932,17249.66586512758,31937978.292488605,58081714.363543585,0.05709206604837511,0.09105429523026412,1.0852973387531917,0.914995507339401,2.000292846092593,2.63738083245447
12,12.462040957052352,16.84548578162936,1.630120985465594,1.6303099017708482,39996.34965114911,3.7759266452550007,3.1224559071758518,-9.127265675142667,6.736734987993223,3500.4930926907577,3.9962679560259824,10.14977869242734,5.193658428635098,10.465471818375931,2.3018669558000635,2.3761146205265615,14.164203517886179,16.319330731309005,45.539156827397676,86.83159404844935,0.4364766215969002,0.316796867505818,752.905406005874,4.619766109723168,10186.008023119863,18744.035180092225,29598178.7720354,54125412.516013585,0.0571974765613361,0.09638986277720656,1.087301150440375,0.9686120920618709,2.0559132425022457,2.5638528672209215
13,12.472779833992142,16.96170113393419,1.6303958663704985,1.6303723977528517,40007.91878192194,3.6020776321442214,2.9591198572351183,-7.5357925881864,6.820916411181362,3500.581171342923,1.8248664896369322,10.1585481584465,5.218239149193097,10.118916052014008,2.3069949403394574,2.3773547138434243,11.538028294108244,16.5407337835071,42.09581203412897,89.87750145713547,0.4363328408015635,0.3170146386478746,601.5849049349334,5.062473105704588,9758.743975363226,17916.05590712968,29445746.880101155,51964608.780744,0.05758314353477951,0.09808786044644002,1.0946325253387448,0.9856751008402311,2.0803076261789757,2.9821654795256123
14,12.466365750695706,16.950807824214245,1.630339491963369,1.6302057019100546,39995.733117510164,3.6232037834414053,3.121421621080181,-9.639989165773077,7.810571908257254,3500.48743351721,1.9337993918860725,13.951897529460847,5.210075500750706,10.340751485072621,2.304552633262975,2.3654797366037728,14.565812724655176,20.562101549171306,45.51239486802004,89.57497452270127,0.4361980235554845,0.31703159776249124,865.1488724846812,4.361939868176684,10044.630015538454,18518.580627075185,37942022.86562596,63543340.178989634,0.05197074509989908,0.0891322569149251,0.9879430760510417,0.8956811365123908,1.8836242125634324,2.4783156556132524
15,12.461880869302517,16.939031108068246,1.6302273704927734,1.6303169550030876,39993.920962216245,3.6846015784004758,3.12643657175995,-6.025661982593611,5.441718083659342,3500.4937587508625,2.1185605524666102,9.141933852166305,5.197976587085881,10.019765988122591,2.3026226235452536,2.368953711094495,8.027694339500927,15.698764194279603,40.69716520095805,43.335521685496396,0.43647663736154224,0.3171279456830477,251.37280573794396,14.669617734001005,3747.6523233837875,6842.925624196667,12078073.088432781,27259391.847363926,0.03607086556339364,0.06823675072537823,0.6856927260138878,0.6857042843642532,1.371397010378141,13.298220723622864
16,12.466326171422233,16.93650817739248,1.630113188580112,1.6304181440647094,39995.58434719099,3.629824768071378,3.1117184493412036,-9.197538004317165,7.481283020259392,3500.465984288851,2.0704599732989815,9.023177367802603,5.086301248899724,10.01182665892412,2.307570162431094,2.3673997017281105,11.443388477192114,15.574613037579658,45.51215129215312,93.85681617827498,0.4366372978444094,0.3169068880356552,632.6649516219633,4.977211825652357,8925.189169195271,16617.966314341065,32100248.377354015,57648827.977575704,0.058266571262410055,0.09512877658669815,1.1076242130699103,0.955939563042071,2.063563776111981,2.9136480495403756
17,12.474796762291609,16.939602914158034,1.6304102787986268,1.630311438378508,39995.36164294657,3.602340300614188,3.1296706616489285,-7.427396207583696,5.50864061032659,3500.526414427578,4.136254551754776,9.141933852166305,5.2130975157668935,10.089273959347562,2.30715154580609,2.3773586353575684,8.536191304818322,15.542191887137571,41.39280276709751,95.36460422030892,0.4363203519691923,0.3168803339735682,464.9894911404586,6.047577309381904,8307.103947825288,15246.13142441699,22956125.26982859,46026658.888539106,0.060230897427669086,0.10373191249345554,1.1449652677410185,1.0423916154554853,2.187356883196504,3.8602204261854
18,12.435176978617418,16.85654630347994,1.6303600822178137,1.6303075350339453,39992.869912509486,3.636084483152909,2.9725452338701217,-7.710737056249572,5.876838647785009,3500.5493049115075,2.0199459228735424,10.119705920537983,5.293292732881758,10.29716149036186,2.294066862903816,2.3775235816045734,9.223972242415915,16.330079605250322,41.479866235900616,91.07725293175956,0.43634459055941166,0.317176494542134,492.1016256372357,5.9121568080857605,8264.93780435631,15399.332743596957,27134639.28174953,47587589.57193688,0.05647497185998891,0.10067871759016889,1.0735666250696454,1.0117103651918482,2.0852769902614936,3.8268798178242673
19,12.465716593367004,16.952122660106088,1.630335182818323,1.630260422131812,40008.14189651963,3.631958481617184,2.998746451880294,-6.182984570732541,5.384691199868955,3500.4381451370423,2.576413220963458,8.985931744585692,5.233991314095979,9.994744240007718,2.300590379484126,2.3802167695675838,8.001268518995497,15.61450686198108,40.74661724776526,45.42035285687875,0.43647287653859435,0.3169966977140656,257.65485704316984,13.840630133961064,3924.204552274,7328.224767514295,12139976.681603186,27331896.631798804,0.03679985446448701,0.06950189945497189,0.6995505134281124,0.698417637433067,1.3979681508611792,12.442661983099883
20,12.474938047658226,16.85683007707799,1.6302381451533428,1.6302656857898064,39992.899955610126,3.615519338933292,2.998615645264246,-5.968429244630853,5.511634580071981,3500.570159722396,2.4968896157563334,9.321774121020612,5.357329002736273,10.350800777855538,2.3012050896376093,2.380511864136557,8.050145712891705,15.671044392172167,40.803005269927624,33.27202077736335,0.4363845859549773,0.3176623300767911,218.2666931489681,20.80467313925163,2795.772635663202,5123.076407005525,13030708.338784976,23903921.171556618,0.03304449847561164,0.06251664929275716,0.6281626982219871,0.6282235570779874,1.2563862552999745,19.548286883951654
21,12.465163249673678,16.952097048159732,1.63031798024814,1.63030214515956,39993.6100605854,3.576059187065988,3.124350307637044,-5.307799884319769,4.5083145012732535,3500.4382523151585,2.164277015784106,9.132192555567883,5.336052163719144,10.087333125001567,2.3011383695495646,2.37760599536289,8.005600976497005,15.622206050343468,40.74653304235714,60.23889555659541,0.4365545463112621,0.3171049248459504,311.68516797474297,9.902895897051502,4983.322844422946,9218.92100947137,14691783.571044993,30937545.861906346,0.0447084611678202,0.08527883584785333,0.849889963415795,0.8569584935514932,1.7068484569672884,8.196047440084218
22,12.473034638680035,16.958866581415943,1.6304965938731848,1.6303446554133114,39993.69348019968,3.5684529646873333,2.921207009624273,-5.758002070973536,5.526052342233644,3500.570376463008,2.1703983938335565,9.188380093642108,5.352391775795954,10.020287333733778,2.295904946320506,2.3734503527625876,8.006914012947586,15.622206050343468,40.88008970229146,31.214679928416484,0.4364651832168212,0.3171049248459504,207.46523359102193,22.848170290502168,2744.5820768710832,5089.996557392933,12311251.359390672,23484078.885522675,0.031730701814417624,0.059901276846049296,0.6031879492113533,0.6019419408982648,1.2051298901096181,21.64304040039256
23,12.47465158136056,16.950420715315484,1.6303358395933645,1.6304127148590801,40008.064478456196,3.5704470426379333,3.1240894603294582,-7.684914224201499,5.433516561413568,3500.462445905748,2.0487914807029783,9.294382134422525,5.1129754411704305,10.143799977286552,2.303875951814965,2.37513278246928,8.09830142227449,15.613222792982825,41.423358313791205,40.43271352581051,0.43634601394885814,0.31707257792821664,245.97625471037293,15.978403006006797,3471.145868004904,6509.183601745889,14468745.13171724,26021891.06882213,0.033894783284888416,0.06683197645616702,0.6443262723324149,0.6715878482103768,1.3159141205427916,14.662488885464013
24,12.46206104897231,16.957627692949885,1.630494936856023,1.630372365949266,39996.228435285375,3.6342489018049626,3.0002429163988857,-6.027927998673088,5.52521055954493,3500.493901379246,2.1705214704031786,9.032989873404643,5.351589000642649,10.017562517280352,2.2957362331998543,2.3677955314063,8.000614555849092,15.549906658456424,40.8798561737291,34.62373420679978,0.43634046852858155,0.31695061541697783,219.03796368804413,19.870337966708547,2941.0664142481305,5478.8500739956335,13002095.424675409,23955625.86325518,0.03237577549405589,0.06404400787564594,0.6154505418318049,0.6435718307415785,1.2590223725733836,18.611315594135164
25,12.473034638680035,16.88053319897871,1.6304947673820207,1.6303722157845866,40009.3842996725,3.414395580717182,3.129661595404674,-5.731805713901626,5.535590904970592,3500.533931634126,2.1704020748252284,9.142087464136655,5.351446686287547,10.019606851484484,2.296215366858848,2.3738699518466464,8.011013159023605,15.536355142346855,40.77012109285708,42.44635480933348,0.4363347933435912,0.31695012266167244,246.8443770172869,15.07521810222646,3724.563070759344,6842.925624196667,12161962.755130835,26397279.27436005,0.03650837429432278,0.0677722172908365,0.6940095919853584,0.6810362343338869,1.3750458263192453,13.700172275907216
26,12.466216860813105,16.95123181424891,1.6300303113366525,1.6303074952741359,40008.042856280845,3.636841397696718,2.8631326412222484,-6.201614451228139,5.021965613831892,3500.5714451417393,2.5674124706340096,9.266731872710732,5.218270141228181,9.981272455570565,2.3010179650199527,2.380462688324904,8.41591731167525,15.636863403376065,40.89415592282103,45.42035285687875,0.4363322046378573,0.31700325178973193,269.0507484168552,13.1325525312238,3958.0150833474004,7401.936313184227,11852432.162464038,26258237.4327675,0.03679985446448701,0.07231892302448938,0.6995505134281124,0.7267256255807912,1.4262761390089036,11.70627639221489
27,12.474139173146522,16.861706098517814,1.6303274868240432,1.630242056598351,40007.928143728626,3.56731589113229,3.025808969737607,-7.566150264899647,4.958398847354218,3500.46566368108,2.5674526619338778,10.135759432981578,5.356791047740036,10.12506152087997,2.304782711328378,2.3699168044624193,8.005386886405217,16.30585980725597,40.88954177110081,35.42851285670458,0.43662823779506443,0.31702611309817796,228.19364859867423,19.37949541561091,3002.454854384251,5532.346516763714,14810431.715190481,24455062.576176003,0.033286181175379945,0.06203828189855801,0.6327569896715027,0.6234164909704196,1.2561734806419222,18.123321934969
28,12.474613664381781,16.861706098517814,1.6302619163044232,1.6303715411270063,39996.810810191346,3.642855312028347,3.0239151382637797,-7.225031410886128,5.882216286354819,3500.504139490505,2.0724728522734606,10.145236301623557,5.3516150596597365,10.122217435243318,2.295623409291817,2.3789032147065123,10.233361883035059,16.53996367871335,40.890487112092366,94.24671696864588,0.4366293300483188,0.3169265240290619,548.9437703445602,5.326724545283491,9191.515467186788,16840.66800985087,26398612.142516993,48499472.9105227,0.05848960439134524,0.1046549917978576,1.1118639836377167,1.0516675470774912,2.1635315307152077,3.163193014568283
29,12.486429995815492,16.939573273679436,1.630373896274367,1.6303111767313174,39995.2574240584,3.62545354726475,3.1399375697617993,-7.427396207583696,5.520315164943934,3500.4267429346232,4.136254551754776,9.13476761375292,5.283815970367389,10.085397718423144,2.3077028234483863,2.3773586353575684,8.416796186370485,15.498025842874323,41.379762968948114,68.90763485381164,0.4363203519691923,0.3168803339735682,359.3496572166677,8.141871739749718,5876.0824755212525,10969.454732059252,20352902.111157153,33973198.714725316,0.05055317032778592,0.08478977054396296,0.9609955466630793,0.8520439252192293,1.8130394718823086,6.3288322678674085
30,12.48145727194674,16.939031108068246,1.6302278159605275,1.6303452217173222,39993.179251115725,3.624210924872078,2.9728551020135447,-6.241830447454323,5.576830237785737,3500.558306298147,2.160533655209254,9.141043630283898,5.288948713105953,9.957993193466793,2.3015227778097995,2.3784656075189297,8.005448179379902,15.695198641278052,40.91880715346478,30.485651430711446,0.4363309176828442,0.3176420502854926,205.01009162972503,23.595883890910976,2688.120738134684,5027.030131937606,13473278.07824027,22802495.529962752,0.03106741346830137,0.0588468581824505,0.5905791030670218,0.5913461931896268,1.1819252962566487,22.41395859465433
31,12.475628888773361,16.950630136079376,1.6303351274814386,1.6302604545813637,40008.14250865128,3.6242082685177546,2.9982147574498024,-6.1831669316868005,5.388518793134007,3500.4380358089643,2.3634588720741325,8.986206887990916,5.235223517884243,9.994017055704061,2.3005957373180235,2.3734468756856058,8.054176085782817,15.613249234972843,40.77272641008367,46.01737654419236,0.43647281156132234,0.31699692908483884,261.20825056444676,13.486903559967018,3986.3282370826023,7328.224767514295,12968290.021334639,27274572.716399536,0.037018866412013275,0.06950189945497189,0.7037138429458076,0.698417637433067,1.4021314803788747,12.084772079588141
32,12.464096586154229,16.889600191122323,1.6303788044492378,1.6302666955667071,39994.30298208712,3.642784121871756,3.1234002531518765,-7.700791407161091,5.457013301382627,3500.4436137382622,2.1342408442132323,10.145257371712214,5.385172516160436,10.153276140304692,2.3065727228635517,2.3802153296782853,8.492805371196146,16.54915392750247,42.076999010763345,46.34211762257275,0.4361857693602367,0.31711465114328347,289.3309505299703,12.911511014521666,4014.1545299179775,7425.225747611449,15514414.260595586,28923518.007020846,0.03560776952041652,0.06703524278848218,0.67688945547531,0.6736304512571786,1.3505199067324885,11.560991107789182
33,12.488880366801865,16.952033275117298,1.630494936856023,1.6303729741420308,39996.76390067823,3.631477083052128,2.9982058260054076,-6.020883088954538,5.526039986439803,3500.437680509026,2.3411179922647403,9.113080124068642,5.351589000642649,10.01856745787041,2.2957362331998543,2.367789090059293,8.065269005139816,15.424255697698758,40.773167956169665,34.74197458110063,0.43633984277878063,0.3179016569408479,219.58227113712306,19.48050343646942,2964.3917903870333,5478.8500739956335,13030708.338784976,23955625.86325518,0.034446195089129335,0.06465819493642848,0.6548083901663131,0.6497437350966762,1.3045521252629892,18.17595131120643
34,12.460700048042613,16.93458464027651,1.6302402093803452,1.630261614916987,40008.14559487585,3.6329156891545606,2.981791799630299,-7.538911446521654,6.726817806152034,3500.4442695548396,1.9281451505135365,10.152860502446616,5.212211379984682,10.012539296527965,2.305487227735056,2.3787073989399046,10.149706330624964,16.556365130964462,42.13873197698494,90.040100281637,0.4362597628481797,0.31709560543423104,535.9641081721155,5.522482876628443,8591.600699189115,15864.305999649414,28958195.02816896,48569099.23339661,0.05566866305262437,0.0976467892187756,1.0582390171651683,0.9812428201805542,2.0394818373457224,3.483001039282719
35,12.46205834273811,16.942408487205256,1.630496454092019,1.6303486681459194,40009.53754423682,3.564768728258221,2.993355714550057,-7.68967913957356,5.528535636570496,3500.566237346192,4.163927420171423,10.077916203370677,5.351772499215768,10.027426219609028,2.2957527088580774,2.379954319233827,8.219171213182994,16.327903635864523,40.949824997626365,71.78569578421542,0.43634113646960565,0.3169990922563344,369.4253947593929,8.030548682952668,5869.970315258747,10905.909596476653,21029187.728771787,38396085.6361903,0.050122887810842835,0.0872670776535134,0.9528160481289981,0.8769381366323907,1.8297541847613887,6.2007944981912795
36,12.474768845585796,16.88943027953003,1.6303635714886464,1.630307728579197,39994.81007366205,3.686409846150992,3.1290342347947737,-7.427396207583696,5.505297119990499,3500.526414427578,4.136254551754776,9.141933852166305,5.2130975157668935,10.087158009855125,2.2938783321253164,2.3773677060256406,8.054594933446838,15.609626096818822,41.48679578662976,90.8967163071965,0.4363203519691923,0.31687928075112687,429.15548087073967,6.628581574106684,7338.748724482273,13416.993212692953,22038964.075055946,41748460.37149827,0.05901995759630434,0.10356705187358019,1.121945785922707,1.04073494757242,2.162680733495127,4.4659008406115595
37,12.473993143064584,16.887461352064452,1.6300339966257722,1.6303533507816246,40008.2986240229,3.6090569688315375,3.129709524457371,-7.550833933562333,5.480120315423846,3500.5265919935678,2.168603678496946,10.195181527677597,5.366396201369525,10.120360023820664,2.3018327300882055,2.380261440785812,8.019847330996516,16.322935054548445,40.89765090168911,35.97697695873717,0.436392562449846,0.3170237982883851,230.73040220982645,18.92381514169023,3102.514044191715,5748.581303061405,14633222.881569622,24741904.334634967,0.032469146888437043,0.06203828189855801,0.6172254946904329,0.6234164909704196,1.2406419856608526,17.683173156029365
38,12.461871735204724,16.85173394657879,1.6301217386783142,1.6303010982965942,39994.82746125364,3.602340300614188,3.0256364884937716,-7.298924215285825,5.50864061032659,3500.500124844434,4.061134261329359,9.150656092823471,5.210656228208658,10.084198787254289,2.3057895209431196,2.377222648809563,8.378475880536964,15.53713302310138,41.397724200401896,95.39611949331787,0.43645244323697424,0.31687656029828315,458.0541250970117,6.164720677355824,8269.866593182856,15229.603922300175,23052704.942844503,42792149.863410145,0.060230897427669086,0.10552709261952335,1.1449652677410185,1.0604312010243282,2.205396468765347,3.959324208590477
39,12.475058615735678,16.874404167722645,1.6301972496721289,1.6303093037301895,39993.21343193043,3.6181005948920872,2.984295724680046,-5.74097631177834,5.436578474073355,3500.494021970838,4.108877479962056,9.19625631857767,5.20350616510201,9.996268353035454,2.292772800605097,2.380101043329634,9.829038486381068,15.561858815566326,40.97237882319562,67.94350509552743,0.4363108593899354,0.31702535232887147,402.8499867394054,7.190908525798553,6412.806390745373,11715.310857607505,18099178.81507874,31151332.100194458,0.05017490936750903,0.0908785158805204,0.9538049571125997,0.9132291182317614,1.8670340753443613,5.323874450454186
40,12.473034638680035,16.883801652639832,1.6301968161837346,1.63034479156962,40009.3842996725,3.5684529646873333,3.129661595404674,-5.788006855556527,5.535590904970592,3500.533621261099,2.170396388602768,9.142087464136655,5.33895010814037,10.087333125001567,2.295903451384447,2.3735472930815997,8.005600976497005,15.6228905717954,40.77012109285708,32.61694241820647,0.4365545463112621,0.3171049248459504,212.56192084026696,21.479368340621775,2810.504653109653,5123.076407005525,12938984.893258043,23323246.300724074,0.03215492205669321,0.060851824544759785,0.6112522063289153,0.6114938996678366,1.222746105996752,20.25662223462502
41,12.474768845585796,16.88943027953003,1.6303269238540987,1.630313070840134,39994.81007366205,3.686409846150992,3.1296706616489285,-7.427396207583696,5.509179994043536,3500.526414427578,4.136254551754776,9.141933852166305,5.2130975157668935,10.089273959347562,2.305902274910291,2.3773677060256406,8.090459075034984,15.609626096818822,41.379762968948114,95.36460422030892,0.4363203519691923,0.31687928075112687,446.22926345425645,6.304971393080279,8111.548331035916,15083.850781675803,22592061.494444143,42399378.20765891,0.060143510852866885,0.10254850700867986,1.1433040839086586,1.030499692079523,2.1738037759881816,4.131167617092097
42,12.47467769568341,16.88161657811696,1.6303737094254327,1.630307953222215,39997.111814540986,3.5704470426379333,3.1224666318759176,-7.68967913957356,5.433508647420037,3500.491428249889,4.165517909681883,9.307313455248257,5.110975928209805,10.142682050360587,2.303875951814965,2.379783336271762,9.884889610710086,15.563029237681018,40.984894832982405,68.44119497731394,0.43634146507614063,0.3170440186436882,408.36020058091725,7.041050539786723,6336.798003678596,11715.310857607505,20723960.427318044,34386100.58973022,0.04988603684185924,0.08566506929049958,0.9483136059490075,0.8608397147933012,1.8091533207423087,5.231897219044418
43,12.48135133306517,16.850631188008844,1.6302395855229521,1.6301934972564756,40001.62872870818,3.6326804956182315,2.976053668099059,-7.611404701635103,6.827589578607777,3500.597009272867,1.945773028079953,10.156190808781664,5.4755763622422675,10.424806787014814,2.2975527453077205,2.3765502785111616,10.530714620891688,16.552706513875886,42.24340474869146,91.7316641526119,0.4363468097670824,0.31720584946366026,566.54655521354,5.305057203576208,9069.169503576853,17019.58396190366,28977865.480376568,52021481.683008425,0.057462158952337,0.09771006232541792,1.0923326568203455,0.9818786453018921,2.0742113021222375,3.2308459014539705
44,12.474514084855763,16.88391019088133,1.6303748381331888,1.6302612066098545,40008.14189651963,3.6250505728275955,3.0299342976004056,-6.027490896198739,5.857712889224836,3500.595929024078,2.140048791981301,9.30136319993472,5.131921304468778,10.085433145564433,2.3022699116542773,2.373930284282056,8.100820570648006,16.28359966501817,40.76772322120861,69.09926527399931,0.43631004532007595,0.31787418508399207,354.0254663978363,8.418476074560962,5925.647647076709,10885.961183431822,19681400.371553693,35453000.92745842,0.04861691663775787,0.08465579944517525,0.9241881385171221,0.8506976630446216,1.7748858015617437,6.6435902729992184
45,12.484305061096624,16.939573273679436,1.630373896274367,1.6302705396635884,39995.2574240584,3.6687076122340483,3.0359442171085087,-7.350294456582683,5.520315164943934,3500.431317376188,2.62234369818649,9.13476761375292,5.283815970367389,10.085397718423144,2.3072974838222216,2.377645953479714,10.106650756731508,15.499894628433822,41.379762968948114,68.90763485381164,0.4364694671358116,0.3170152741183594,419.9814625473264,6.877149575634133,6634.0517772022895,12269.149222473925,21083543.938075963,35727715.153466836,0.0502426407700468,0.08638739457313832,0.9550925039822818,0.8680982893260096,1.8231907933082914,5.053958782325841
46,12.473024273481908,16.959452985998098,1.6303822065987676,1.6303116855418505,40006.56422482442,3.636574568433887,3.102597723021374,-9.104296679591464,7.722458654998848,3500.485788601361,1.8679000059255286,10.603266722040184,5.598990123773385,10.309266977209074,2.297230921987793,2.378052709961192,14.29051515956506,16.78161674810773,45.539129621618805,87.6489435719293,0.43633418329963153,0.3170553284580764,770.9985199486346,4.536696568337006,10330.633826728057,18849.3504401734,34948142.136057734,60482765.85824396,0.05709903807269149,0.09367048675236136,1.0854298741466364,0.9412853543258041,2.0267152284724403,2.5099813398645656
47,12.464262922772495,16.835926933124977,1.630033303047476,1.630299134391152,39996.477153331696,3.72481875663709,2.97945558867254,-9.094901708054635,7.711477986036412,3500.5825701120734,1.909617589496816,10.154988144111556,5.771582573748974,10.726435870267327,2.3050646037242846,2.3697106971633963,12.272433258389771,16.543228516512407,45.5261617423216,93.91619221052687,0.43632143616619057,0.31699705100149617,700.9926332307728,4.738120214704809,9312.003046763064,16988.112567038264,34970473.24085576,59536213.36926998,0.05709206604837511,0.0939322913710455,1.0852973387531917,0.9439162027584991,2.029213541511691,2.708906673193118
48,12.465318002421636,16.85357155626933,1.6303730821495939,1.6303039017811007,40007.47022522359,3.7481514240056177,2.9896075172813115,-9.097893516956857,7.692056392187831,3500.521416387566,1.94839223809565,11.623669969071038,5.833686372458695,10.508277769071483,2.29763251171685,2.380218029379828,13.95162246301248,17.765639521955503,45.60245138187709,89.5015364721851,0.4363911290994233,0.317876590700948,784.9079291879833,4.520230854193915,10136.915067908152,18478.554792592946,34976163.6389096,61261914.442359224,0.05491011126502713,0.09362641843656497,1.04381925110366,0.9408425162271977,1.9846617673308575,2.5355690868630565
49,12.465439008734087,16.845180829870852,1.6303898441296492,1.6303885324844316,40008.10556067635,3.6079564327879683,2.9958377028110807,-7.687945802147997,6.8275806850449445,3500.5312764236965,2.1253077334047727,9.28380458769787,5.2129099388048985,10.031392722837644,2.301915797366775,2.3764009246391997,8.049937658966234,15.723601926994776,42.18338541132038,66.98821237556726,0.43632638031757387,0.3178185430814299,346.5989837489948,8.840586531071647,5518.893075296863,10143.957119960396,22177506.736345693,41201344.754928686,0.048074229307902686,0.0817533418618331,0.913871869451507,0.8215311570353746,1.7354030264868816,7.105183504584768
50,12.475432576830448,16.938463978596985,1.6302600290041027,1.6303048404065716,40009.023867484415,3.633985732804302,3.02066642227093,-7.1487500527977845,5.506137180848336,3500.4275249952025,2.119190066434312,9.30434952120843,5.286283789089901,10.074555588136853,2.3022359817158953,2.36810898968036,8.072096730442233,15.685627510809267,40.81072868312229,65.97681279240118,0.4364690201978743,0.3170618998516165,335.35263452522224,8.864157969927426,5631.825273854354,10480.086979500227,20287206.942002706,35883173.249813,0.048624002119152035,0.0846204537203838,0.9243228306842326,0.8503424773907649,1.7746653080749974,7.089492661852428
51,12.475450290500655,16.883310288526676,1.63031798024814,1.63030214515956,40008.00842324419,3.6292062194252885,3.12504807491941,-5.775667329680592,4.545349216777834,3500.573676838833,2.1789583091077254,9.266342928092554,5.307709618881738,10.451708774460682,2.3011383695495646,2.3819423014729435,8.410887164674705,15.638251241703701,40.80375724093934,45.7010667463423,0.4365545463112621,0.3171049248459504,273.09185763782807,12.947450363688137,4055.711903381421,7442.559376389786,12506988.475451965,26594796.07561293,0.036516471057156906,0.06764187219966387,0.69416350820813,0.6797264095472023,1.3738899177553323,11.5735604459328
52,12.46124970129212,16.937741239591144,1.6302331467176931,1.630304040137897,39994.40471058398,3.56787793646748,3.099295515785612,-7.579728980548142,7.7102529952271475,3500.5362371742076,1.917524035426476,9.166031630002138,5.475451197196317,10.207523878902121,2.3014228421139604,2.3783739929042356,12.325033119192614,15.634642089496777,45.52563101580913,90.5641719105799,0.43633381360011836,0.3177472980701996,663.5906596188773,4.889011076486046,9085.824458560306,16853.92190230263,32373460.460150264,54014211.355769254,0.05843914675194057,0.09578118207484414,1.1109048040956897,0.9624955205519012,2.073400324647591,2.8156107518384568
53,12.465716593367004,16.952122660106088,1.6303539205646638,1.630260422131812,40008.08081494402,3.6320027797859034,3.024122599901159,-6.117481371897371,5.04274852094739,3500.431279139279,2.576413220963458,8.974077180545736,5.168689531855248,9.994718649567675,2.301138717858606,2.3805038492771358,10.041028352690258,15.61450686198108,40.74661724776526,63.97285460597196,0.43647287653859435,0.3170234646820543,392.38285530551605,7.498725015769844,6261.292721721441,11509.544968004016,18272162.391832646,32054177.002832275,0.04880666608415131,0.08989393526365355,0.9277951995932828,0.9033351660709281,1.8311303656642108,5.667594650105634
54,12.462323268655561,16.846655556571474,1.6303818347064933,1.6303631751643008,40009.04887228594,3.6888699457971232,3.020882980678877,-7.151002643754261,5.509311349347638,3500.5111417885364,2.096175150362168,9.17314797291922,5.1340111902619645,9.9987390991845,2.293967130910697,2.3791351845541278,10.191517624974505,15.667786688044743,40.70160043675141,61.296910726796625,0.4365327555718177,0.3170239770992773,386.1825680973753,7.692748853251936,6079.825529391686,11207.213211763423,19255418.185871553,34788687.13280872,0.04784205380947942,0.08456645047596531,0.9094583060966802,0.8497998041879278,1.759258110284608,5.933490742967329
55,12.465163249673678,16.94722729498697,1.63031798024814,1.63030214515956,39993.6100605854,3.6312871800673947,3.124350307637044,-6.112778458173684,4.5083145012732535,3500.4382523151585,2.1663051720260134,9.132192555567883,5.1063373190979675,10.087333125001567,2.3011383695495646,2.37760599536289,8.004458980683758,15.622206050343468,40.74653304235714,95.8721452534011,0.4365545463112621,0.3170833767295026,439.59050045073957,6.463233871192104,8056.5185155976915,15109.639910788264,19273655.39969546,39243428.20893792,0.06118150497458636,0.11676159768107401,1.163035936964897,1.1733256189373447,2.3363615559022417,4.126872315289862
56,12.465716593367004,16.952122660106088,1.6303363967630995,1.630270551330704,39995.152674866426,3.6699129646007473,2.998746451880294,-7.2954334049328216,5.384691199868955,3500.4380327271015,2.6246507287694025,8.985931744585692,5.23450799389851,10.083336094830866,2.300590379484126,2.380393610134026,10.159770222493473,15.612899979720694,40.74661724776526,70.20271710815973,0.43646942076758505,0.3169966977140656,424.63439726697635,6.679286519295361,6770.514830768191,12556.791891729325,21083543.938075963,38288615.7723738,0.049110179972897926,0.0870765745836784,0.9335648772128006,0.8750237903339259,1.8085886675467264,4.870697851748632
57,12.474792616531136,16.85048081595379,1.6303119260386791,1.6303475879963405,39995.98041529389,3.7282310783975987,3.0994720438779138,-8.695352420682402,8.082216938587983,3500.552591102067,1.8773642494555511,10.1368567141948,5.461532573182099,10.218344967847022,2.3040633597769093,2.371572747685211,12.316035897833782,16.455103655878528,45.553232276903465,90.05584821022777,0.4363454944411301,0.3177174360357585,674.0168654475711,4.876487600653185,9100.827038383604,16736.60175561402,35090955.10832065,59983615.78478004,0.05796927101627124,0.09081132259803883,1.1019726543109098,0.9125538996554323,2.014526553966342,2.861961046686844
58,12.474792616531136,16.85048081595379,1.6303119260386791,1.6303475879963405,39995.98041529389,3.7282274485547147,3.099202666803299,-8.7154015715289,8.082216938587983,3500.552591102067,1.8768243732408325,10.560321945543784,5.501966764940448,10.728563200161284,2.3042103048610407,2.371572747685211,14.958846533563696,16.841935828918572,45.553232276903465,89.02369711072876,0.4363454944411301,0.3177174360357585,824.7560047174325,4.374772831616789,10485.81795589156,19340.68582087204,35594310.99097838,60385896.20792047,0.0571925105284395,0.09552924656842968,1.0872067481414238,0.959963845841493,2.0471705939829166,2.3276022376338705
59,12.47467769568341,16.88161657811696,1.6304036324564324,1.6303111852113883,39997.111814540986,3.5704470426379333,3.1223538753280056,-7.7007154770286785,5.433005395835169,3500.491698401831,4.164525489959194,9.307313455248257,5.120873145272993,10.07540901129584,2.3038317069630376,2.3796455650263377,9.884889610710086,15.563029237681018,40.984894832982405,69.77537499530115,0.4362401366017234,0.31687366284901447,413.5093797128647,6.9054851639742,6610.1772806301515,12136.638936320474,21144601.90423659,35520413.89736675,0.05049136433727768,0.08566506929049958,0.9598206395059139,0.8608397147933012,1.820660354299215,5.084824809674985
60,12.474676671054878,16.861062211541373,1.6303737094254327,1.6303096523906395,39994.594913605484,3.5674053753425454,2.9772220129416596,-7.683289920664886,4.964360464242787,3500.4672686177337,4.165517909681883,10.164795679160594,5.35443122487514,10.124986313589517,2.305523219294204,2.3795084341273043,9.818351359181895,16.38450110000362,40.891815938491284,41.52382521967789,0.43660217033857407,0.3170017106842877,297.2334980157349,12.529432869073995,4035.5901431865113,7568.361064740127,15201695.377420431,26326104.702409957,0.03705526657180509,0.06817453729138656,0.7044057954233862,0.6850791077874144,1.3894849032108008,11.139947965863195
61,12.475059275593718,16.847729465537597,1.6302514054567858,1.6300924781869537,39995.51726247897,3.7759266452550007,3.0986387636100403,-9.116052302350825,7.759797625595148,3500.4907043306534,2.0829746223726664,10.13965841845656,5.219210993424198,10.318383587957793,2.3014228421139604,2.374195987071062,12.615029030965307,16.319330731309005,45.53403036998999,90.69205638484875,0.43634690921335,0.3168811499480076,692.1671423283142,4.771607853197677,9308.646834625648,16985.756398277812,35189765.04160958,59404256.99099202,0.05800218795854231,0.0916916179660318,1.102598392216706,0.921399899778857,2.023998291995563,2.7476095612021147
62,12.464366760546621,16.88391019088133,1.6303739783531916,1.6302604545813637,40008.14189651963,3.6312699982946155,2.996149928934798,-6.117663732851632,5.384691199868955,3500.431169811201,2.571789594275296,9.342512705085463,5.131921304468778,10.093386904125094,2.3011440756925037,2.3739270785432414,10.039219160281922,15.613249234972843,40.768534151174386,64.88111734991449,0.43647395611293643,0.3178709117005281,397.19227491856935,7.367668424986781,6261.292721721441,11509.544968004016,18644344.15084742,33142058.04404235,0.04822009835461358,0.08916489606670064,0.9166447816818624,0.896009124084668,1.8126539057665303,5.555014519220251
63,12.462108662745266,16.93812460008876,1.630237497115074,1.6303334870315989,39994.25299596775,3.6246485119518748,3.128318426383154,-6.032304399827293,5.5108542223998525,3500.566699342427,2.164141415839985,9.320843588650508,5.053609515939002,10.07533719318809,2.302059388192926,2.369412829138463,8.026807893239292,15.667876087853386,40.80069066894477,32.130648616038464,0.4363852681921553,0.3170704766344716,211.55269030504905,21.913709081232994,2761.029900172669,5123.076407005525,12476111.722935287,23452860.299508393,0.03152972260642202,0.0602600021128983,0.5993674148590401,0.6055467352323037,1.2049141500913438,20.708794931141654
64,12.461893130634268,16.846804340675185,1.6303846661563919,1.630379068362913,40009.04887228594,3.6315559298948257,3.1287953562854307,-7.151002643754261,3.9300936092438716,3500.421934010561,2.52891929902837,9.145217006946282,5.1340111902619645,10.098586451111286,2.293183453908797,2.3738115615989237,8.127388053153808,15.667786688044743,40.70434371856459,61.81472036262395,0.43647276316997546,0.3170806359110449,321.435349023009,9.487206253712031,5094.07201402729,9463.150068853276,16513815.401212543,31304046.77745792,0.04568896046507327,0.08677009741088688,0.868528862856857,0.8719440318722612,1.7404728947291184,7.7467333589829135
65,12.461893130634268,16.846804340675185,1.6303773970210207,1.6303631751643008,40009.04887228594,3.6838742960056123,3.1287953562854307,-7.151002643754261,5.509311349347638,3500.4252166223764,2.52891929902837,9.17314797291922,5.1340111902619645,9.9987390991845,2.29065107597467,2.378980146793766,8.019144699959499,15.667786688044743,40.70606775928008,64.99200547496176,0.43647276316997546,0.31705553794729224,328.80310139622907,9.066833476512944,5598.656843062732,10480.086979500227,20027909.418503705,35747291.99729621,0.04860358653206012,0.08227160082847897,0.9239347385398502,0.8267390895653023,1.7506738281051524,7.316159648407791
66,12.467131492502181,16.8617335871705,1.6303847804720877,1.6303789724716333,40008.28060341271,3.6311698905550442,2.9974151281319776,-6.421261381205013,5.845512913002134,3500.5041879593464,2.575546549744482,9.142112286651324,5.2883847808183715,10.098737281546722,2.3071036403369614,2.3738226131242475,9.874774172638007,15.525148550979718,40.76192676153361,61.81741088761914,0.4363320229598985,0.31796072494421507,377.3535641007021,7.849169560973102,5936.160186024722,11075.72616849852,19074728.258597065,34832615.335432604,0.04822718383600774,0.08517274595006613,0.9167794738489728,0.8558924067776196,1.7726718806265924,6.076497680346513
67,12.473034638680035,16.958866581415943,1.630071305715103,1.6303446554133114,40007.674044266234,3.5671350068231593,2.921207009624273,-5.758002070973536,5.526052342233644,3500.5707196811773,2.170220409618382,9.203860891280211,5.352391775795954,10.021215390952872,2.2956954004036123,2.3628488157014838,8.006914012947586,15.624763430173028,40.88008970229146,31.3975020397571,0.4364651832168212,0.3171061390214939,208.07052931639495,22.663061434874678,2744.5820768710832,5089.996557392933,12311251.359390672,23484078.885522675,0.031730701814417624,0.059901276846049296,0.6031879492113533,0.6019419408982648,1.2051298901096181,21.457931544765064
68,12.470591121801911,16.950807824214245,1.630354969862817,1.6302057019100546,39995.733117510164,3.6230532990890456,3.121421621080181,-9.62132906169896,7.810571908257254,3500.48743351721,1.9217876831511693,13.951897529460847,5.21007312164673,10.340751485072621,2.304552633262975,2.365417564343315,14.970122676604536,20.562101549171306,45.536197826122844,89.57497452270127,0.4361980235554845,0.3170308700623606,889.0307393259642,4.294487687779742,10547.119493123391,19282.05070262854,38502396.619209394,63852893.06213693,0.05197074509989908,0.0903231400920993,0.9879430760510417,0.9076482024714966,1.8955912785225384,2.398896409257203
69,12.464463879527571,16.847881033199,1.630378192137938,1.6303004319616892,40008.0591646634,3.6162921463548474,2.981821446074238,-7.192932421736252,5.339085944705445,3500.431625364947,2.571789594275296,9.143178386844243,5.306195949539224,10.002928970789963,2.295568298264444,2.371160289481802,9.96565617906162,15.654206190956602,40.768534151174386,62.23319087743778,0.4364736939871698,0.31704778931591654,382.80870755428737,7.74325469071597,5956.285041617787,11075.72616849852,19011652.207470197,34868990.14901166,0.04822718383600774,0.08585604678867403,0.9167794738489728,0.8627588285747064,1.7795383024236793,5.9637163882922914
70,12.474808736716028,16.884921522281417,1.6303735919386024,1.630261706091742,39997.14552782894,3.6267791191895324,2.974971850021631,-6.005271836874767,6.8515033909565,3500.5299558563825,3.4818610659847136,9.204870213986572,5.147936440984486,10.142358366813744,2.30142646244871,2.378391158912368,8.688406163635042,15.601814146117238,42.17717474609062,69.02532751657623,0.43660469653032713,0.3178096653994643,375.8998268544086,7.968799058521039,5882.854582623419,10768.288369378319,20790324.826224696,35012733.27300291,0.049678006876017075,0.08643739508282552,0.9443590395103343,0.8686007394478054,1.8129597789581395,6.1558392795629
71,12.466127383441426,16.851821190552428,1.6303567108817776,1.6303495957127905,39994.83680558379,3.6305363930498724,2.8536294679469467,-7.739390067567262,6.827909869525021,3500.556573607525,2.166214863318212,10.176596218127765,5.34383554491849,10.323700555432108,2.3023472206271354,2.3730787225948466,8.631744782086415,16.54759478342627,41.84053230080505,46.06828277601286,0.4364663488972487,0.3170527190415098,292.13063937534645,12.731901665891348,4071.595276845308,7425.225747611449,17499691.69754034,33772282.18181772,0.034532848002386894,0.06842524285446218,0.656455627386174,0.687598422920205,1.344054050306379,11.387847615584969
72,12.465241747683098,16.846655556571474,1.6303818347064933,1.6303631751643008,40008.217147492025,3.612684735948548,3.0194220702052705,-7.153485494724894,5.509311349347638,3500.5111417885364,2.094080710711242,9.296801041643768,5.1340111902619645,9.9987390991845,2.3018286375884007,2.376435491884012,8.049410107267878,15.667786688044743,40.70160043675141,61.296910726796625,0.43632958371756264,0.3170228436836418,316.4034018584114,9.592033025200958,5079.766864900569,9320.944135687228,19010045.772234224,33937320.44361831,0.04342436150912345,0.08291080633485536,0.8254797425438333,0.833162401778328,1.6586421443221613,7.933390880878792
73,12.461893130634268,16.846804340675185,1.6303790119120878,1.6303631751643008,39996.458280840896,3.6833284844919083,3.122224147431947,-7.100713108537912,5.509311349347638,3500.492793536708,2.52891929902837,9.14278525233237,5.11029926799453,10.143585478140286,2.301812930826756,2.3797801284529125,8.069345235746368,15.66679205383834,40.70606775928008,63.560283027921116,0.4364736466347989,0.31702878039281385,326.2938384733381,9.224849859990542,5500.799314969269,10046.268179994735,19880943.70067878,34702808.04134418,0.046766480689598,0.08300064002543188,0.8890120913169823,0.8340651315515624,1.7230772228685447,7.501772637121993
74,12.475432576830448,16.938122312279102,1.6302013140269194,1.6303048404065716,40009.023867484415,3.627736706641649,3.1183488152917644,-7.073631789102766,5.504682526376434,3500.4275249952025,2.115434927300273,9.30434952120843,5.338997368539182,10.074555588136853,2.3022359817158953,2.36810898968036,8.01196925075522,15.541543529835533,40.81072868312229,65.88173718592282,0.4364690201978743,0.3169943761916753,331.52429316408154,8.92509322239639,5613.567122429985,10480.086979500227,20284653.317285724,35883173.249813,0.048624002119152035,0.08393127370984373,0.9243228306842326,0.8434169763828486,1.7677398070670813,7.157353415329309
75,12.462812173855859,16.89069442188645,1.630326293929982,1.6302234354107188,39995.67765139818,3.629824768071378,3.106126372243841,-9.115678395355111,7.6097707759805795,3500.4903270969,2.1954886222868755,10.405652051469485,5.1696172067534,10.298384374866949,2.3050122733134972,2.384556814130448,11.443388477192114,16.55851312987647,45.51215129215312,94.90465768751766,0.4363632291956556,0.3169068880356552,657.780314899,4.905742844939568,9052.580334654527,16532.98564818899,33695419.86359043,58114931.688859515,0.05717560697850857,0.09125240279084432,1.0868854184186567,0.9169862704049154,2.003871688823572,2.9018711561159947
76,12.459898950050196,16.85710578972462,1.630242586423017,1.630214519057226,39995.6725469603,3.633806714234122,2.974919337820769,-7.48395635389794,5.9268078472716805,3500.463341416466,2.3158226980585312,10.19373496698033,5.297812633305383,10.098333758308145,2.3057962844932103,2.377482436582519,10.463391721593212,16.718034899527133,41.90086598767421,94.68146604361385,0.4364620101066885,0.31701710024714524,573.608320429748,5.291519306363779,9388.769247129338,17157.14546353505,27840104.196905132,52623960.68298278,0.059283233809264924,0.10457314422592463,1.1269505614206026,1.050845069011894,2.1777956304324966,3.113723675931283
77,12.473485161237297,16.8539204584117,1.6302234022437618,1.630314679264935,39996.39858285682,3.631645705635009,3.099066138573497,-8.977350992165372,7.700728671963723,3500.6095601059014,1.9767674669499622,10.441936758951579,5.173478341099856,10.095085060401658,2.303746273440709,2.3661502304814026,14.963063067398469,16.567744979522583,45.51466029285347,88.46114378827322,0.4363789978299217,0.3176809386710175,806.8305794475616,4.410516991248,10630.87453838103,19387.678503378032,34100534.23930818,58108668.80163206,0.05770256775051846,0.0967499186142306,1.096902731910256,0.9722302571625419,2.0691329890727976,2.341384002175202
78,12.462169113099527,16.95749773580077,1.6302273704927734,1.6303591344291544,39994.288154986134,3.6859988588233437,3.124651293371913,-6.00997087698261,5.505455213106125,3500.6122450266307,2.1703962391400977,9.15251590367178,5.207714283401509,10.080856713673507,2.2958306706307567,2.3695209954833967,8.005448179379902,15.667768693808243,40.79763703664811,33.02687566071134,0.4363281417799862,0.3171291014472748,214.36332220781338,21.176951852034133,2810.9458696235897,5123.076407005525,12855095.22655999,23387756.89392311,0.03187257974905995,0.06182746928221706,0.6058849919977302,0.6212980560700709,1.227183048067801,19.949768803966343
79,12.48145727194674,16.939031108068246,1.6302278159605275,1.6303452217173222,39993.179251115725,3.624210924872078,2.97285269667021,-3.0946653302259457,5.581241587763374,3500.5579017430055,2.346046688917996,9.141043630283898,5.288948713105953,9.957993193466793,2.3037052903393485,2.3784656075189297,8.005448179379902,15.695471014043404,40.9157136501371,30.485651430711446,0.4363309176828442,0.3176737002233084,205.0007126393048,23.628879013381734,2699.2485624582755,5027.030131937606,10446639.061551737,18614879.426003568,0.03229413965450802,0.05989634853408933,0.6138986771763357,0.6018924167842102,1.2157910939605459,22.413087919421187
80,12.466326171422233,16.93650817739248,1.630113188580112,1.6304179604964701,39995.678718046795,3.629824768071378,3.1124573726283695,-9.222501948547883,7.481283020259392,3500.4354205406535,2.171712321704598,9.023177367802603,5.086301248899724,10.316128362021459,2.3075479490481454,2.3680526838544607,11.443388477192114,15.574613037579658,45.51215129215312,93.85681617827498,0.4365877484264461,0.3169068880356552,635.8739495968398,4.975403827896667,8934.81584424886,16617.966314341065,32158682.62555992,57648827.977575704,0.0581714615412329,0.09512877658669815,1.105816215314221,0.955939563042071,2.061755778356292,2.9136480495403743
81,12.46206104897231,16.93885817309562,1.630195023165155,1.6303741305388033,39996.15282682371,3.6342489018049626,2.999860599827906,-6.058207908704851,5.546029083994965,3500.489916363068,2.17051946517239,9.031451479437463,5.336573199431506,10.08460830854814,2.2957362331998543,2.3677955314063,8.000614555849092,15.549906658456424,40.80047192666679,34.62373420679978,0.43634046852858155,0.31695061541697783,219.21290341627952,19.849939995679463,2941.0664142481305,5478.8500739956335,13002095.424675409,23955625.86325518,0.03237577549405589,0.06404400787564594,0.6154505418318049,0.6435718307415785,1.2590223725733836,18.59091762310608
82,12.466326171422233,16.93619369714074,1.6301152769099383,1.6304064740787976,40006.733491002946,3.623127744713623,2.991531320750937,-8.785295732721844,7.481283020259392,3500.2717520038677,2.073006225843573,9.069860028578805,5.210109824639659,10.321904029740134,2.3018678161975847,2.3681276285861874,11.391926336448975,15.57450297947952,45.51215129215312,95.95001975958945,0.43643587271671463,0.31690687890045466,644.2446999721068,4.951930237329236,9038.216139090655,16587.031478964444,32795059.631219637,58979914.43196171,0.05822299318578559,0.10046067515321623,1.10679581126451,1.0095192785471545,2.1163150898116645,2.835615147517572
83,12.4747843009845,16.861706098517814,1.6302619163044232,1.6302227134410177,40007.72360673502,3.643151113206635,3.0239151382637797,-7.225031410886128,5.882216286354819,3500.504139490505,2.0724728522734606,10.145236301623557,5.313836887313506,10.125110138108582,2.30474390928551,2.3789032147065123,10.16307901256133,16.53996367871335,40.890487112092366,93.30685252592656,0.4366293300483188,0.31796161907750425,541.3890794941728,5.371785294907467,9179.917184080965,16740.63339346201,26398612.142516993,47971954.87357905,0.05848960439134524,0.10177004135594149,1.1118639836377167,1.0226769685817203,2.134540952219437,3.237244342688029
84,12.466326171422233,16.93610532994041,1.630113188580112,1.6304145470507427,40007.062330394314,3.602194483402979,2.960318669095108,-8.772992875090598,7.481283020259392,3500.2735811870984,2.060135695125866,9.06403130352527,5.210140061529311,10.316128362021459,2.30693262515787,2.3686924835745673,11.538835430378857,15.576573884372014,45.51215129215312,95.95001975958945,0.43655555507873056,0.3169048528380962,651.9520662477843,4.9218957888352035,9038.216139090655,16587.031478964444,32795059.631219637,58979914.43196171,0.05831037976058779,0.10161952867665096,1.10845699509687,1.0211644817187977,2.1296214768156676,2.7922743120195355
85,12.46124970129212,16.865843212030686,1.6302331213665588,1.630304040137897,39994.41598864495,3.6207904100079022,3.099295515785612,-7.582781696122851,7.7102529952271475,3500.5364085025208,1.9096277005414104,10.14085022111413,5.4758604684669505,10.207523878902121,2.3014228421139604,2.3783739929042356,12.369498120794521,16.43955462891994,45.52563101580913,90.5641719105799,0.43633381360011836,0.3177550176144993,679.1740912971289,4.852522454119572,9143.661288331805,16836.476212670812,33105416.134249717,53959194.205127686,0.05792720501429326,0.09170167021315119,1.1011729964397095,0.9215009138049349,2.0226739102446443,2.8298485438749275
86,12.470256175172969,16.948433318300008,1.630185537629109,1.6304556462975388,39994.421754030016,3.624952582726271,3.128318426383154,-7.233640027598503,5.434278124758648,3500.4693735629244,2.112377877789529,9.141819996908104,5.186861992177329,9.991688686702545,2.296272299999918,2.3693914244729455,8.026807893239292,15.665440303140445,40.75905901984973,40.336828648963724,0.4363098697874405,0.3170704766344716,240.3546825694319,16.08503708294034,3433.564131792592,6424.913707003551,14460250.608699616,24429078.12954562,0.03361389506033318,0.06756101565311996,0.6389866995389097,0.6789138901966372,1.317900589735547,14.767136493204788
87,12.473485161237297,16.856898386226533,1.630236466730176,1.6303191971611601,40000.55001103806,3.62312028664417,3.139006213638853,-8.97291676998452,7.700728671963723,3500.4903427813947,1.9636410242293283,10.444333894719534,5.530258322993363,10.352790383552392,2.30376135287116,2.366292867612417,14.999261208986903,16.56509680796533,45.51623242506409,88.62497573880859,0.436385787976317,0.3176809386710175,813.612020902258,4.375921732694303,10470.8343543831,19340.68582087204,32826174.946181722,58794550.680152535,0.0571925105284395,0.09555620791448488,1.0872067481414238,0.960234777711867,2.0474415258532908,2.3284802068410126
88,12.466284489656596,16.937156955190154,1.6303813316030604,1.63030214515956,39994.495789927096,3.5684529646873333,3.1263862937744684,-7.555650508570336,4.545349216777834,3500.5345331499,2.164277015784106,9.302804644469344,5.336052163719144,10.087333125001567,2.301892550054446,2.3847069856984877,8.005600976497005,15.622206050343468,41.03015563041066,30.183142780051085,0.4364333563459563,0.31707592236839705,204.82797994404424,23.999262235797133,2688.120738134684,5027.030131937606,13494057.213520959,22683574.632536944,0.03134975577593462,0.057384871772799315,0.5959463173982069,0.576654837957683,1.17260115535589,22.82666108044124
89,12.476781043791322,16.856306216448882,1.6303860100532268,1.6303136557862867,40007.11571668781,3.6250682552597904,3.26551414231765,-8.877227106726945,6.58595201649807,3500.4666798829358,1.8899458112249368,10.442357768977296,5.33810458179165,10.99954900995732,2.2942509089555436,2.373372829199651,14.402441422985975,16.845616994039602,45.54239204427503,89.87063144536526,0.43642683751872596,0.31712822699593646,802.6568989016778,4.439268900814054,10469.559832586094,19345.906549322623,32330197.699481674,54442727.76152467,0.0570414913663754,0.09532302089200531,1.08433593427825,0.9578915046416722,2.042227438919922,2.3970414618941316
90,12.48478046592561,16.85644799393748,1.630409777758609,1.6303022832065475,39995.68776055699,3.6146696878584565,3.113537193283189,-9.534477493994777,7.747079537108913,3500.494439147022,2.0533521780196393,13.951897529460847,5.21007312164673,10.291673355917553,2.3004997557530316,2.3778240728308733,14.745051534553259,20.534351659420988,45.586227301855196,89.39394844414713,0.4362513337308731,0.317220906782899,874.0398260099913,4.318975611714782,10071.711745467672,18380.39933027346,38194553.87436399,63111349.30462133,0.051525919913497094,0.08924630016257415,0.9794871271876144,0.8968271457036914,1.8763142728913058,2.442661338823476
91,12.464095500581514,16.887461352064452,1.630361942027092,1.6303521337059421,40008.42346281995,3.5678379854927464,3.032263296213562,-7.696964651108825,5.462074321932336,3500.566267558346,2.2105262468617175,10.144914141381912,5.366396201369525,10.123480208390506,2.301146633635664,2.380652641947156,8.093655371191149,16.329293723878614,40.89765090168911,36.02339332577467,0.4364809104333631,0.31699868632577466,232.6275930296352,18.730117282182054,3102.514044191715,5748.581303061405,14696333.412986988,24517212.044127,0.032795096603503986,0.06203828189855801,0.6234216683939694,0.6234164909704196,1.2468381593643891,17.48327912281765
92,12.465419702926892,16.861062211541373,1.6300408744653436,1.6303096523906395,39993.486145121475,3.5667938780364152,2.9962604141742832,-7.683289920664886,5.404562125983829,3500.4537274091253,4.3738486320545,10.164795679160594,5.157551792583142,10.129687503654761,2.3058238562456044,2.3794764490143714,9.82227686532561,16.38450110000362,40.891815938491284,41.8350642959995,0.43660217033857407,0.3179059700176786,298.7352462054716,12.416503887959191,4078.490852854105,7568.361064740127,14918538.357059449,26404806.423815433,0.03705526657180509,0.06761398017563075,0.7044057954233862,0.6794461253868959,1.3838519208102822,11.032651967148905
93,12.474186616304495,16.857167637411536,1.6303958663704985,1.6303618133545015,39995.09498207505,3.622141662417744,2.77998414866214,-5.984792850878923,6.8313175552856364,3500.4494228031303,1.9311699027897173,10.1585481584465,5.197831098665355,10.609772534299797,2.3071849207866313,2.377260884389329,11.311014044410019,16.53066239126962,40.93146555069805,89.90510397847905,0.4365537717394854,0.31689647570014756,584.7956522650964,5.16903162443332,9899.856028304312,18191.565724390988,27173319.596550938,49106996.66374749,0.05874281937237804,0.10396930086489226,1.1166774991411577,1.0447771074612158,2.1614546066023737,3.0075770178309447
94,12.465574840608427,16.890974923657787,1.6303158975072845,1.6303512690715303,39992.17234993616,3.631956113511375,3.09865135502549,-9.085480568090045,7.620137214047661,3500.479205363097,1.8950435280304334,13.757844804424549,5.181402180091317,10.628535410357271,2.2937003800692426,2.377125425048034,14.729308972749047,20.549192735736504,45.51664090187188,90.06003382733732,0.43631044447964845,0.31785765752666756,882.6094472512076,4.305439546128257,10071.385837692646,18766.194997815255,35756849.91149739,61091498.35345396,0.05214739925577444,0.08829251400263483,0.9913012008925699,0.8872426439610771,1.8785438448536471,2.426895701274611
95,12.435902877470314,16.95933977546425,1.6303822065987676,1.6303116855418505,40006.56422482442,3.636574568433887,3.101448566454878,-9.098091001791516,7.722458654998848,3500.4890542489175,1.8679000059255286,10.603534980927865,5.599024233879565,10.647878874665311,2.2938119888628923,2.378052709961192,14.370546123913673,16.78161674810773,45.539129621618805,90.07405188559441,0.43633418329963153,0.3170553284580764,796.3705063362273,4.447420702124854,10439.15545697852,19125.906545441692,35539790.59540504,61095846.75855396,0.0571520238003222,0.0943394527171588,1.086437111634605,0.948007726409457,2.034444838044062,2.412975864080795
96,12.475450290500655,16.88863388477149,1.63031798024814,1.63030214515956,39994.495789927096,3.5684529646873333,3.124350307637044,-5.775667329680592,4.545349216777834,3500.534702283258,2.164277015784106,9.132192555567883,5.336052163719144,10.087333125001567,2.3011383695495646,2.3808143493632503,8.005600976497005,15.622206050343468,40.80375724093934,32.811707112606726,0.4365545463112621,0.3171049248459504,213.43540767930264,21.297103045265054,2810.504653109653,5123.076407005525,12189641.68662885,21982670.71944349,0.03215492205669321,0.060410016496944795,0.6112522063289153,0.6070542147761485,1.2183064211050638,20.078796624159974
97,12.462193110870702,16.95548051338947,1.6303980168890597,1.6302296187219072,39995.61733145173,3.664110312346396,2.9591198572351183,-7.5357925881864,6.8313175552856364,3500.581171342923,1.8248664896369322,10.1585481584465,5.213325060613823,10.111417141624624,2.3069949403394574,2.3784616497061286,11.451468782660534,16.540918653498974,42.11119134281638,89.87750145713547,0.43655703021929515,0.31693364383621403,597.4428846455567,5.094686010997842,9758.743975363226,17916.05590712968,29445746.880101155,51964608.780744,0.05749575695997731,0.09808786044644002,1.0929713415063849,0.9856751008402311,2.078646442346616,3.016039568651225
98,12.475095300709421,16.939031108068246,1.6302273928394275,1.6304784020942407,39994.25299596775,3.568931976495156,3.1248984061775578,-6.032304399827293,5.435039618425628,3500.567293327195,2.1615661441688867,8.983016147515587,5.205291124093746,10.087333125001567,2.295856185114863,2.373096628704445,8.006126837464231,15.66787584503968,40.91880715346478,31.920946715940616,0.4363268003852441,0.31712584427893614,210.9192815701932,22.17554062320416,2780.182408230606,5123.076407005525,12476111.722935287,23452860.299508393,0.03181206491405528,0.06098904130985123,0.6047346291902252,0.612872777218564,1.2176074064087894,20.95793321679537
99,12.461911252007965,16.88391019088133,1.6303755650956884,1.6302612066098545,39994.362402110295,3.6250190763673973,3.0299342976004056,-6.0276102394623665,5.859467385031647,3500.595929024078,2.140048791981301,9.30136319993472,5.131921304468778,10.085618278613063,2.302263090146735,2.3738496113513152,8.028317296792148,16.32015311756809,40.76772322120861,69.09926527399931,0.4363863729947995,0.31787418508399207,351.9462012453391,8.514161608919355,5925.647647076709,10885.961183431822,19527253.677017145,35453000.92745842,0.04861691663775787,0.08465579944517525,0.9241881385171221,0.8506976630446216,1.7748858015617437,6.739275807357612
100,12.474796762291609,16.94675752870801,1.6304013956819339,1.6303111767313174,39995.44985679997,3.602340300614188,3.1296706616489285,-7.427396207583696,5.50864061032659,3500.4267429346232,4.136254551754776,9.13476761375292,5.283815970367389,10.073692326848489,2.3057895209431196,2.3773586353575684,8.416796186370485,15.542071474003766,41.379762968948114,95.7394999856634,0.4363203519691923,0.3168803339735682,460.890776866926,6.088098045111275,8288.501138983243,15264.486705912343,22956125.26982859,46185285.97123726,0.060230897427669086,0.103282902569181,1.1449652677410185,1.037879559627443,2.1828448273684615,3.905253217742813
101,12.445167700458567,16.95933977546425,1.6303822065987676,1.6303562671947176,40006.56422482442,3.58321413847473,3.101448566454878,-9.098091001791516,7.722458654998848,3500.4876135407767,1.8688957002229016,10.603534980927865,5.484207769715934,10.647878874665311,2.301503941780409,2.378052709961192,14.292348253752547,16.783198345935688,45.56778598811665,90.07405188559441,0.43633418329963153,0.3170553284580764,792.2976430616093,4.460318258336693,10454.557252762797,19125.906545441692,35655906.00163247,59961462.36628393,0.05749614603835694,0.09380993877190846,1.0929787377307503,0.9426866937250309,2.035665431455781,2.4246528268809113
102,12.465574840608427,16.850891951329952,1.6303963004582525,1.6303512961326734,39995.623210251244,3.6028650199984007,3.113537193283189,-9.085433380716125,7.620137214047661,3500.435677921001,1.8708675375731763,13.980108333980137,5.450330564676031,10.337232549983197,2.3052791446471943,2.3771247913255356,14.729308972749047,20.534351659420988,45.51739288161733,88.7341947773203,0.4364222026241796,0.31785765752666756,868.049605417636,4.347772645229389,10065.353956577612,18380.39933027346,35409564.35888763,60137141.720256,0.05223478583057664,0.08702792106616145,0.9929623847249298,0.8745348760017497,1.8674972607266795,2.4802753845027077
103,12.461905516532083,16.84799330264764,1.6303773970210207,1.6303631751643008,40007.661314239565,3.6838742960056123,3.1263524758980332,-7.132649231819677,5.509311349347638,3500.4989744441423,1.7758478918565928,9.308132778996724,5.130857763152364,9.999380587582426,2.306742457374915,2.3789651847398186,8.069345235746368,15.663125878279136,40.70606775928008,96.06672035568613,0.436475546302422,0.3170602908582066,442.735679871369,6.310508870738331,8227.792603359154,15109.639910788264,24996857.822764117,46885262.66020936,0.05998311459054977,0.10892108126667506,1.140255015120515,1.094537053540691,2.234792068661206,4.075716802077125
104,12.474733412987364,16.864354446299757,1.6300385984076748,1.630232931182877,39993.910610845356,3.6589203511599018,2.949557210430687,-7.908591924518216,5.94986161975932,3500.492368391022,1.8392005586932378,9.031135704390252,5.215765558116761,10.28556780069243,2.3044545360912085,2.377482436582519,10.21644292189334,15.630024914218358,42.098811003633486,92.91319160150968,0.4363193820423196,0.31694870140611975,540.6295389198766,5.442914388724789,9012.403991708235,16623.84934300239,29066677.998900667,48007764.728745475,0.05852335336792041,0.10758508338492573,1.11250553818282,1.0811117444267802,2.1936172826096003,3.249297106115189
105,12.474186616304495,16.85719104702084,1.6303936076518533,1.6303165100825283,39994.499834686976,3.622141662417744,2.77998414866214,-5.984792850878923,6.8313175552856364,3500.4494228031303,1.9311699027897173,10.159793605280067,5.197772685723673,10.099084719576606,2.3071849207866313,2.377260884389329,11.586918616722599,16.4596365267407,40.91871784602692,89.90510397847905,0.4365537717394854,0.31689448850794205,591.8086722028021,5.101143972361489,9932.480177088843,18277.05438737119,27520734.066039395,49452630.169379935,0.05972040396737569,0.10414169151349449,1.135260991258225,1.0465094438499547,2.18177043510818,2.919373537253308
106,12.46062155836677,16.893507840209075,1.6303353695808285,1.6302898118647415,39996.538127353495,3.724613504039989,3.103018464443042,-8.960597376148938,7.611256177745108,3500.457586604206,3.946763710085048,9.734391172771256,5.196468876722433,10.399591293201274,2.3012143297237153,2.375277146869063,12.443856167096834,16.52368228721112,45.53925827905273,90.10839864879375,0.43632116914982083,0.316805203332419,684.1384758015051,4.822836399270288,9214.66753443879,16816.24054247301,30057260.50850749,55841178.2543139,0.056367030452593336,0.09125834263321017,1.0715147020916185,0.9170459592868656,1.988560661378484,2.8342757378918018
107,12.475450290500655,16.883914328925734,1.6303757994440968,1.630301501460266,40007.246776913635,3.6292062194252885,3.1249672788137293,-5.763140858871042,4.545349216777834,3500.573676838833,2.1789583091077254,9.301022540052157,5.307709618881738,10.451708774460682,2.3024225103990195,2.374120845741289,8.410887164674705,15.638251241703701,40.808003799374866,45.7010667463423,0.4365545463112621,0.31705479971098705,273.0534547339885,12.948121197200335,4055.711903381421,7442.559376389786,12506988.475451965,26594796.07561293,0.036516471057156906,0.06764187219966387,0.69416350820813,0.6797264095472023,1.3738899177553323,11.574231279444998
108,12.443498604415662,16.85348187983116,1.6303346505233065,1.6304654244989143,39996.22447772944,3.630107721167948,2.9872742014588605,-7.709935654461942,6.828032466521296,3500.534516058719,3.93684259519566,9.31679544137588,5.213189597453477,10.316240222141436,2.3054151179996736,2.3735470597454915,8.010775070436738,15.587182082943903,42.17420056768872,67.94878432804657,0.4366240311927107,0.3177941283216516,349.35235629710854,8.743234354051706,5547.6907735613,10372.919585775653,22560297.71664912,39537239.613719195,0.047524598799687574,0.08188279949899942,0.9034236133425411,0.8228320638854952,1.7262556772280364,7.01697867682367
109,12.47652764628059,16.893507840209075,1.6303442262764694,1.6302910099982197,39996.538127353495,3.7261297795090744,3.103976883473608,-8.960597376148938,7.611256177745108,3500.457586604206,1.8914308345187718,9.734391172771256,5.196468876722433,10.398974030656163,2.2923851082185216,2.375277146869063,12.514910152946413,16.52368228721112,45.54137864363635,90.10839864879375,0.43632116914982083,0.31678408670999814,687.8848066200285,4.814040744280877,9216.335747589066,16816.24054247301,33275564.93807368,56790444.532938085,0.05708825022552876,0.09180042360268073,1.0852248014872117,0.9224932767409784,2.00771807822819,2.8063226660526865
110,12.461814896670553,16.850912126301917,1.6302400490575861,1.630320212495779,40006.80588044725,3.6359418399717183,3.1050169150988602,-9.179197099049814,7.852717748086081,3500.5494431354423,2.0220014224799585,10.539324947031297,5.236256897008837,10.297157329177022,2.2972419603389858,2.3754270273886027,14.28788575752907,16.68539420101114,45.5059684998433,87.53739378532299,0.43642186340969913,0.31698322646343785,767.929325826218,4.551985512082795,10297.97013716637,18849.3504401734,35054145.85416847,59782015.70452416,0.05709903807269149,0.09446721868666164,1.0854298741466364,0.9492916338603941,2.0347215080070304,2.5172640040757646
111,12.466194683082321,16.85507194404251,1.6303370488114606,1.6303766995398101,39996.09699609053,3.6626831541311895,2.9775523601838425,-7.6844025742299715,6.8275806850449445,3500.5326576332436,2.1224195476123486,9.322624166429415,5.2129099388048985,10.31584110401921,2.3047036142784925,2.3784693645508077,8.049937658966234,15.667905776309784,42.17420056768872,67.94878432804657,0.43642558827601596,0.3177511827782324,351.615949870776,8.689570985181666,5616.460318672985,10372.919585775653,22848903.50142019,40820150.53820731,0.047986842733100485,0.08231389897758891,0.9122106856191471,0.8271641394358932,1.7393748250550403,6.950196160126625
112,12.462478324644737,16.939789833153366,1.6303730904121907,1.6303469627733373,39994.84890994567,3.5653641066868387,3.126455822515001,-7.68967913957356,5.433508647420037,3500.4941974130315,1.8585691180506483,9.303403390455685,5.110975928209805,10.09702389992393,2.306747742102159,2.379783336271762,9.984476742561837,16.537843960391964,40.946675572643706,41.52382521967789,0.4363432230389699,0.31699488226656836,302.92089562391885,12.34341312428796,3999.3372884440746,7505.110377507719,14392141.753159959,27451582.97611761,0.03589517648508157,0.06874919166105613,0.6823529469108067,0.6908537520827869,1.3732066989935936,10.970206425294368
113,12.472988327469134,16.952097048159732,1.63031798024814,1.63030214515956,39993.69555528478,3.5758256772117454,3.124350307637044,-5.7759126658379225,5.402411740677154,3500.4382523151585,2.164277015784106,9.132192555567883,5.336868129264395,10.087333125001567,2.3011383695495646,2.37760599536289,8.005773358538047,15.622206050343468,40.74855034064853,33.24106421369023,0.43646825092664154,0.3171343167176551,214.7504407784083,20.930905296770558,2810.504653109653,5123.076407005525,12938984.893258043,22386641.18066933,0.03215492205669321,0.06255650847916998,0.6112522063289153,0.6286240980563311,1.2398763043852465,19.691028992385295
114,12.47400443480183,16.85598989968037,1.6302400490575861,1.6302331888583663,39994.73408428692,3.793767096142924,3.09688583343094,-8.631984018249158,7.586101806963358,3500.5366374605014,3.7406928209475696,10.179179085550118,5.182550370242184,10.214409942258596,2.305686261158265,2.3667851889704883,14.196082913134823,16.663442652606655,45.53758196070841,87.28707009892719,0.43638871854180006,0.3176643290221609,759.9874582668375,4.592451336453748,10171.618398265475,18719.166559390553,30277303.59741359,54116065.652031966,0.05682330602762626,0.09664746135840363,1.0801883182627643,0.9712006744444622,2.0513889927072264,2.5410623437465216
115,12.44697495249813,16.85357155626933,1.6303730487037964,1.6303039017811007,40007.47022522359,3.7481514240056177,3.101491768580577,-9.097893516956857,7.692056392187831,3500.521416387566,1.9468331095181586,11.623669969071038,5.797616430397171,10.747606267598664,2.294273713806185,2.380218029379828,13.95162246301248,17.765639521955503,45.60245138187709,89.5015364721851,0.4363929616107875,0.317876590700948,788.1215586975392,4.517428909906021,10136.915067908152,18478.554792592946,34930278.87042872,60974000.63271051,0.05491011126502713,0.09242555631847049,1.04381925110366,0.9287751728886781,1.972594423992338,2.544834485913681
116,12.473034638680035,16.958366216685647,1.6304998033629907,1.6303446554133114,39993.69348019968,3.5684529646873333,2.921207009624273,-5.758002070973536,5.388042809110989,3500.570376463008,2.1639377314154973,9.141019127029237,5.353462963778884,10.024371715145834,2.295904946320506,2.3734503527625876,8.001994958297388,15.670121517863862,40.767492078510486,31.872736896741753,0.4364651832168212,0.3171049248459504,209.66393350091064,22.224834282224368,2779.7411917166696,5123.076407005525,12335567.401911559,22404882.812697627,0.03181206491405528,0.06331856793807857,0.6047346291902252,0.6362819573529577,1.241016586543183,20.983817695681186
117,12.44217280769124,16.90340726493896,1.6302414503388944,1.6303189828404063,40001.41345425594,3.6266986794902234,3.1377724180190207,-8.910810230248982,7.586553205650899,3500.536571065384,1.8488444378131028,10.15597474765722,5.476129177561358,10.158237579640444,2.2976624242191392,2.378218335918326,12.630761522307669,16.565103577047477,45.574508831348936,93.76951393795385,0.4365502884611769,0.31700308826549367,713.8810683929186,4.639509317840433,9463.791678440932,17249.66586512758,31937978.292488605,58081714.363543585,0.05718862985263029,0.09105429523026412,1.0871329780465608,0.914995507339401,2.002128485385962,2.63738083245447
118,12.47400443480183,16.892304659174,1.6302400490575861,1.6302331888583663,39994.72593958466,3.7734124744416793,3.09688583343094,-8.631984018249158,7.563911644563588,3500.5268736953735,3.65997238304553,10.36864264619619,5.182550370242184,10.211806819492134,2.305686261158265,2.3761077436782103,14.210447277762817,16.663442652606655,45.53758196070841,87.54832063824578,0.43641850840098106,0.3178572306185251,762.5993949754662,4.574376583361047,10186.672744027965,18717.353735047895,31038283.71790716,54355000.79649508,0.05682330602762626,0.09625846762899282,1.0801883182627643,0.9672917153569859,2.0474800336197503,2.5268965497412967
119,12.462128257656078,16.891950031715925,1.6304035095693652,1.6302266208081764,39994.27805991834,3.6024738957995863,2.9224009678913196,-7.21246685699443,6.827402795839799,3500.534016177828,2.044486656565312,10.165768300579185,5.352415273335438,10.124724407482992,2.3049315646068758,2.368845707778765,11.371899198064954,16.389035765015134,41.898651170816926,89.90510397847905,0.4363624916895866,0.31792373590549783,589.520332592282,5.159422504791735,9694.67794433249,17940.924527831357,29649314.82480907,52102622.42902522,0.05888580461942981,0.10087315588462352,1.1193955914935132,1.0136642561689932,2.1330598476625067,3.0263626571292286
120,12.465574840608427,16.850891951329952,1.6303395266592793,1.6303512690715303,39996.53483211117,3.6028650199984007,3.09853928637045,-9.085433380716125,7.620137214047661,3500.435677921001,1.7827282913804883,13.757844804424549,5.181402180091317,10.334144903100771,2.3053142757616407,2.3771247913255356,14.729308972749047,20.549192735736504,45.516826744071636,90.09986604537274,0.4363280848090154,0.31785765752666756,878.4952145312982,4.311673047812819,10194.616793397208,18766.194997815255,35644460.41057681,61201521.30711595,0.052596213178158775,0.08822100539447719,0.9998329740315272,0.8865240611085619,1.886357035140089,2.4253160126727287
121,12.474186616304495,16.96170113393419,1.6303958663704985,1.6303621127859538,39995.563543899276,3.603569645927639,2.77998414866214,-6.006411206705743,6.8313175552856364,3500.551383393641,1.8338585684672815,10.1585481584465,5.3528787840781895,10.111539274430092,2.3005474105509705,2.376325299209265,11.311014044410019,16.454438371189283,40.990194252193334,89.89719703210912,0.4365537717394854,0.3170537348725515,579.1939710364926,5.1870992383827215,9958.578237623407,18277.05438737119,27445865.530413184,49368717.52105352,0.05980779054217789,0.10377916732634483,1.136922175090585,1.0428664745457066,2.1797886496362917,3.0073105887464298
122,12.476387126925417,16.950116292434778,1.630329503389072,1.6303165292341444,39991.25689781508,3.634027976072625,2.9972985232932965,-9.117707345639332,7.586553205650899,3500.536571065384,1.8312824787880602,10.104490147704746,5.468425838087297,10.14805444989356,2.2976509730844072,2.3653705843931885,12.603937796310381,16.308573585399337,45.57875730466862,93.57848170628972,0.4365471809731099,0.3178363505448649,706.6993663380734,4.662075167738992,9478.181303295321,17274.534485829252,33443397.307110123,58932794.422290795,0.058180758899659964,0.09251171701679604,1.1059929543789762,0.9296409931300817,2.0356339475090577,2.6264412202299328
123,12.475369006886513,16.852137674172763,1.6304939512701007,1.6304651220170316,40007.44171636475,3.6114496000971936,2.9901168550282993,-7.478776111524814,6.632346551623327,3500.567041963445,3.961192146315952,9.255723600033171,5.187786177064831,10.003007479596052,2.295893109090336,2.3734424232350952,8.000599964422067,16.504261396809184,41.87894349249672,36.89960310476188,0.43632286379596,0.3178207045104228,238.12378006499998,18.629026089011195,2980.2437061885134,5500.126356072176,16092150.055933481,27202464.141909096,0.033322838349648234,0.06402402838972762,0.6334538278914732,0.6433710588855339,1.2768248867770071,17.352201202234188
124,12.474393887795207,16.87729281325338,1.6302273704927734,1.630341899786763,39993.17530359426,3.6846015784004758,3.12643657175995,-5.741225757807968,5.4418735791707125,3500.4937587508625,2.1185605524666102,9.141933852166305,5.203123560059615,10.019765988122591,2.3027006621362793,2.369032050516993,8.027694339500927,15.698764194279603,40.69716520095805,42.77569484124879,0.4364799295155375,0.3171355412533377,249.35569967008357,14.888644023233333,3747.6523233837875,6842.925624196667,12078073.088432781,26208273.973057907,0.03607086556339364,0.06772342662776325,0.6856927260138878,0.68054594183973,1.3662386678536178,13.522405355379714
125,12.47465158136056,16.960225954650753,1.6303737094254327,1.6304157327807003,39997.111814540986,3.5704470426379333,3.1224666318759176,-7.684914224201499,5.433516561413568,3500.462355428902,2.0319163127765263,9.294382134422525,5.112904386127275,10.142682050360587,2.303875951814965,2.37513278246928,8.09830142227449,15.62356247350563,41.443868811926485,40.289159752655195,0.43634146507614063,0.31707257792821664,245.60901208098377,16.061836516720742,3471.145868004904,6424.913707003551,14468745.13171724,26021891.06882213,0.033894783284888416,0.06683197645616702,0.6443262723324149,0.6715878482103768,1.3159141205427916,14.745922396177958
126,12.465716593367004,16.951370208325862,1.63038432939785,1.6302459823105673,39994.715512987605,3.6835888451796004,3.0225495232159094,-6.182984570732541,5.384142711359729,3500.5676432989876,2.1663312447994856,8.985945643894496,5.205988042179696,9.993218828470399,2.300590379484126,2.3727754728964534,8.000702475108685,15.61450686198108,40.74661724776526,61.161369918689424,0.43647287653859435,0.31702205875627937,314.0592810230425,9.731348771626942,4983.764060936883,9320.944135687228,16603993.654561311,31873779.563128356,0.04348236241651955,0.0881883166183799,0.8265823165930701,0.8861955748664379,1.712777891459508,8.018570880167434
127,12.475628888773361,16.950630136079376,1.6303538652277796,1.6302604545813637,40008.08142707568,3.6292482164779853,3.0231413273116616,-6.117663732851632,5.388518793134007,3500.431169811201,2.3634588720741325,8.974352323950958,5.328800736760776,9.993991465264017,2.3011440756925037,2.373891705251695,10.035293654138206,15.613249234972843,40.768534151174386,64.56987829301384,0.43647395611293643,0.3170236960528275,394.83883765999093,7.416054913955731,6240.88764009943,11509.544968004016,18300553.331430342,32939053.48788337,0.04881551299819223,0.08989393526365355,0.9279633758904351,0.9033351660709281,1.8312985419613632,5.584756371994367
128,12.481260638949703,16.851394061649213,1.630089470812512,1.6302271755296598,39994.55373392757,3.765312963810805,2.9823026963777575,-7.613645204115798,6.817124204399141,3500.597009272867,1.9369783203768676,10.405363591923736,5.050557225798256,10.302511965232114,2.300287074064809,2.3840894415415135,10.519367155536946,16.555765106908826,42.13685982428269,94.4099597972583,0.43631596104405873,0.3172206259506018,576.7269173656393,5.198791056664448,9292.309846686954,17139.18218689005,30226407.33281121,53166378.75290278,0.057462158952337,0.10050533219357945,1.0923326568203455,1.0099680326800604,2.1023006895004057,3.096490367164044
129,12.473034638680035,16.883801652639832,1.6302017254315138,1.63034479521585,40009.3842996725,3.5651741270110837,3.129661595404674,-5.734275951348259,5.535590904970592,3500.5342334774723,2.170396388602768,9.142087464136655,5.33895010814037,10.087333125001567,2.307371729283611,2.3732585900702814,8.115172880423088,15.536355142346855,40.77012109285708,42.44635480933348,0.43633503241087307,0.31699425176604024,249.8712494507704,14.852074092910444,3724.563070759344,6842.925624196667,12161962.755130835,26436844.731434193,0.036353207871026895,0.0677722172908365,0.6910599403450729,0.6810362343338869,1.3720961746789597,13.479977918231485
130,12.466326171422233,16.93650817739248,1.630113188580112,1.6304143903589186,40006.733491002946,3.629824768071378,2.991531320750937,-8.808938750187313,7.481283020259392,3500.2735811870984,2.073747878651051,9.06403130352527,5.210113113804066,10.316128362021459,2.3054495701440967,2.3681276285861874,11.443388477192114,15.574613037579658,45.51215129215312,95.95001975958945,0.4366343156334095,0.3169068880356552,646.8879755147572,4.936577346894912,9038.216139090655,16587.031478964444,32795059.631219637,58979914.43196171,0.05822299318578559,0.10046067515321623,1.10679581126451,1.0095192785471545,2.1163150898116645,2.8202622570832476
131,12.475708312682467,16.952122660106088,1.6303373017229703,1.630260422131812,39998.07655669961,3.631929948183524,2.9751326101444895,-6.16881106969684,5.384691199868955,3500.463461212162,2.5740886061109,8.967993635536548,5.250978515084477,10.137700031889919,2.293280848766943,2.3802167695675838,8.02673033261157,15.61450686198108,40.74661724776526,45.42035285687875,0.4364796067397111,0.3171103705165523,259.32998674775945,13.772159416744566,3924.204552274,7328.224767514295,12139976.681603186,27331896.631798804,0.03679985446448701,0.0700624565707277,0.6995505134281124,0.7040506198335855,1.4036011332616978,12.368558283482857
132,12.462108662745266,16.847809284803603,1.630237497115074,1.6303492793805017,39994.25299596775,3.624488157023755,3.1287721574861687,-6.032304399827293,5.482599815201294,3500.566699342427,2.164141415839985,9.172989818119664,5.053609515939002,10.07533719318809,2.302059388192926,2.369412829138463,8.026807893239292,15.667788425539523,40.80069066894477,32.11869278106672,0.4363852681921553,0.31707109259287125,211.50903798298387,21.92506991303576,2761.029900172669,5123.076407005525,12476111.722935287,23452860.299508393,0.03152972260642202,0.0602600021128983,0.5993674148590401,0.6055467352323037,1.2049141500913438,20.720155762944426
133,12.46216917689764,16.939031108068246,1.6302298200508374,1.630363104885131,39996.45921017074,3.725468388960047,2.973305016469508,-3.038151322184861,5.643454650990052,3500.5663914468296,2.170641381409915,9.142811861335455,5.290353977528422,10.082841784780673,2.295828095677134,2.3784656075189297,8.005448179379902,15.701616855314363,40.70606474630899,31.671648921209965,0.43632496385094416,0.31684129165304004,209.44998026262752,22.460116625735065,2744.5820768710832,5123.076407005525,10518419.534847673,19220202.304770175,0.03256742861825735,0.06315464179356384,0.619093791061625,0.6346346799193436,1.2537284709809686,21.206388154754084
134,12.466127383441426,16.96016836877924,1.6303567108817776,1.6303597220073018,39994.871964602185,3.6305363930498724,2.8536294679469467,-7.655830626827881,6.827909869525021,3500.556573607525,2.166214863318212,10.176596218127765,5.213182472010072,10.317134039709085,2.3023472206271354,2.3695030893737985,8.631744782086415,16.54759478342627,41.84053230080505,45.93654314527753,0.4364674111969519,0.3170536443001925,291.5230794061548,12.780168365995037,4072.0364933592446,7425.225747611449,17415802.030842282,33764483.95004967,0.034532848002386894,0.06842524285446218,0.656455627386174,0.687598422920205,1.344054050306379,11.436114315688666
135,12.475229528467013,16.952122660106088,1.6303814294763983,1.6302587551688814,39996.23314712895,3.5713601768502112,3.120742924646721,-6.182984570732541,5.384820842397917,3500.461767074728,2.576413220963458,8.985931744585692,5.233991314095979,10.139508780572013,2.303883785196978,2.3802167695675838,8.180330889279796,15.61450686198108,40.74661724776526,61.161369918689424,0.4363556071361173,0.31702478190062405,320.7617167435094,9.518555403526616,5005.81482474761,9345.795583370911,16729476.588798843,31756814.236792397,0.0450083323471164,0.08749913660783983,0.855590394585744,0.8792700738585216,1.7348604684442657,7.783694935082351
136,12.472969588225272,16.84606036873433,1.6302017254315138,1.6303622661325685,40009.054970480895,3.5651741270110837,3.020499636149797,-5.863623032800898,5.533949817028094,3500.5124295102382,2.166962353895184,9.172076732731995,5.33895010814037,10.087333125001567,2.307525796205091,2.3790195950334745,8.016205771594382,15.526113365000695,40.77012109285708,42.44635480933348,0.43633503241087307,0.31699425176604024,247.41315314465808,15.064125505268523,3724.563070759344,6842.925624196667,12225073.286548201,26436844.731434193,0.036353207871026895,0.06824568220203865,0.6910599403450729,0.6857940358800662,1.376853976225139,13.687271529043393
137,12.474725051340881,16.892599409047246,1.630005952248365,1.6303099017708482,39994.61612210391,3.7759266452550007,3.0991798070253536,-9.127409029931457,7.707425797332017,3500.52191182186,1.8643226806315432,10.137707262735079,5.200993228614877,10.465471818375931,2.3051446339934567,2.374523326456751,14.164203517886179,16.319330731309005,45.630856759899785,86.93036905925915,0.4366276127348153,0.3168039684470671,754.4713844255128,4.613584295053949,10234.438299838566,18744.035180092225,35471015.00409795,60286998.911829665,0.058029228768218324,0.09501196126791032,1.1031124271923232,0.954765697585104,2.057878124777427,2.55570617027652
138,12.476461298393422,16.96331940624643,1.6303284897376333,1.6303165292341444,39991.49270675674,3.634027976072625,2.9972985232932965,-9.116052302350825,7.586553205650899,3500.536571065384,1.8250051531688554,10.062943897412833,5.468425838087297,10.155270549759189,2.2977646394133484,2.3653705843931885,12.603937796310381,16.308573585399337,45.57875730466862,93.6962192694118,0.4365502884611769,0.31712417357488515,707.4762098863467,4.65716373190835,9478.181303295321,17274.534485829252,33443397.307110123,58932794.422290795,0.058180758899659964,0.09251171701679604,1.1059929543789762,0.9296409931300817,2.0356339475090577,2.62152978439929
139,12.47674827460618,16.856898386226533,1.6302254901361988,1.6303191971611601,40000.55001103806,3.62312028664417,3.139006213638853,-8.97291676998452,6.327280758978331,3500.489881355294,1.8937948245982568,10.444490574390345,5.530258322993363,10.338523839949895,2.292382162946441,2.366292867612417,14.999261208986903,16.56509680796533,45.5159439005111,88.62497573880859,0.4363639064150782,0.3176809386710175,813.4082546623796,4.382892190061044,10470.416160107285,19340.68582087204,32611181.246852446,55099468.19662725,0.057081978094492704,0.09660975788450757,1.0851055707850688,0.9708217960056281,2.055927366790697,2.326964823270349
140,12.465877984107959,16.88391019088133,1.6303739783531916,1.6302604545813637,40008.14189651963,3.6312699982946155,2.9990550859488097,-6.117663732851632,5.384691199868955,3500.4232577445155,2.132789151601406,9.342180170786667,5.131921304468778,10.093386904125094,2.3070534701418914,2.373930284282056,8.100820570648006,15.525132887555417,40.768534151174386,95.09902414731069,0.4363254492585777,0.31786920406006947,439.8101708380795,6.426238318094997,8058.103452783207,15083.850781675803,22412682.605995324,41017531.08958144,0.060084808713189004,0.11688947480752683,1.142188179714238,1.1746106433933563,2.316798823107594,4.109439494987403
141,12.463906632543054,16.887461352064452,1.630361942027092,1.6302686725020676,40008.49161243042,3.5678379854927464,2.9958238590038153,-7.696964651108825,5.457418097088154,3500.566267558346,2.2812231276155592,10.146252848107403,5.366396201369525,10.093386904125094,2.2979975798592793,2.383276183759335,8.093881743089463,16.337798582085465,40.89765090168911,35.94733165107495,0.43647395611293643,0.31699868632577466,232.2067432473572,18.8106547911707,3102.514044191715,5748.581303061405,14767823.204462392,24672507.755131852,0.033682831532586,0.0627274619090981,0.6402971543018469,0.6303419919783358,1.2706391462801827,17.540015644890513
142,12.47506091453363,16.88890261262851,1.6303639566990942,1.63030214515956,39993.61700780922,3.576059187065988,3.1289184020982583,-7.373550997770268,4.5083145012732535,3500.4382523151585,2.164277015784106,9.132192555567883,5.212862852610246,10.087154823402146,2.3011383695495646,2.377353428422596,8.05411159103013,15.609442014745335,40.74653304235714,60.23889555659541,0.4365545463112621,0.31710422030845736,313.0464606660047,9.771774843558036,4983.764060936883,9218.92100947137,17499254.989552453,33937320.44361831,0.0434999634657884,0.08241002264204318,0.8269169054992512,0.8281300765276277,1.655046982026879,8.11672786153116
143,12.48135133306517,16.850631188008844,1.6301947223452757,1.6301934972564756,39994.55447720358,3.6326804956182315,2.98427518631862,-7.611404701635103,6.827589578607777,3500.597009272867,1.9371501750959772,10.172375914797787,5.514630272222242,10.424806787014814,2.301252715274073,2.3765502785111616,10.530714620891688,16.552706513875886,42.287584116588164,91.80877755927384,0.4363468097670824,0.31720584946366026,567.3094329138224,5.302835317189649,9069.169503576853,17019.58396190366,28977865.480376568,52021481.683008425,0.057462158952337,0.09771006232541792,1.0923326568203455,0.9818786453018921,2.0742113021222375,3.228624015067411
144,12.474938047658226,16.849758536560163,1.6303283010991994,1.6302656857898064,39993.27328437199,3.615519338933292,2.990221420937272,-6.09530447777247,5.511634580071981,3500.5672515502065,2.4968896157563334,9.26389102338915,5.369991672060427,10.105545520437277,2.30122803059589,2.380511864136557,8.011945848799432,15.671044392172167,40.803005269927624,33.27202077736335,0.4363245990452692,0.3171291588584721,215.68254598021346,20.91219255080251,2795.772635663202,5123.076407005525,13030708.338784976,23293512.682793256,0.0325413027306157,0.06251664929275716,0.6185971483879124,0.6282235570779874,1.2468207054658997,19.665371845336608
145,12.46216917689764,16.939031108068246,1.6302298200508374,1.630363104885131,39996.45921017074,3.725468388960047,2.9733074218128426,-6.1853164394132385,5.639043301012416,3500.566796001971,2.1709421380943597,9.142811861335455,5.290353977528422,10.082841784780673,2.295828095677134,2.3784656075189297,8.005448179379902,15.701344482549013,40.70915824963668,31.671648921209965,0.43632496385094416,0.31680963888264485,209.45960523210746,22.430670139780837,2744.5820768710832,5123.076407005525,13497594.120761156,23649389.82369924,0.03152972260642202,0.06210515144192502,0.5993674148590401,0.6240884563247603,1.2234558711838004,21.207214268597028
146,12.461893130634268,16.846804340675185,1.6303773970210207,1.6303631751643008,39996.458280840896,3.6838742960056123,3.122224147431947,-7.100713108537912,5.509311349347638,3500.4252166223764,2.52891929902837,9.17314797291922,5.110415773911081,10.14375950786549,2.2939808620312387,2.3797801284529125,8.069345235746368,15.667786688044743,40.70606775928008,63.560283027921116,0.43647276316997546,0.31704408395315015,326.3053010741351,9.217626719123404,5500.799314969269,10046.268179994735,19880943.70067878,34702808.04134418,0.046766480689598,0.08227160082847897,0.8890120913169823,0.8267390895653023,1.7157511808822847,7.501875538241114
147,12.466569269403118,16.93759316762004,1.6303726224833985,1.6303028176765506,39994.480895250264,3.5684529646873333,3.1263862937744684,-7.555650508570336,4.545349216777834,3500.532266848653,2.30768211751461,9.302804644469344,5.336052163719144,10.08719512192074,2.3020682674873534,2.38434970445789,8.005600976497005,15.620610704466714,40.98601088338851,30.183142780051085,0.43643087923966356,0.31704404850118334,204.65557061772975,24.000478127063772,2688.120738134684,5027.030131937606,13565547.004996363,22683574.632536944,0.032237490705016636,0.057384871772799315,0.6128218033060844,0.576654837957683,1.1894766412637674,22.81100148579999
148,12.462478324644737,16.939789833153366,1.63030973905727,1.6303469627733373,39994.84890994567,3.5653641066868387,3.124419836377576,-5.8766838927316964,5.433508647420037,3500.4943665463898,1.8585691180506483,9.073128243512745,5.110975928209805,10.09702389992393,2.305029340063059,2.3797450987156497,9.984476742561837,16.537843960391964,40.946819649885356,41.73996426428419,0.4363432230389699,0.31699488226656836,303.88258916921757,12.273528802149668,4108.677758718613,7505.110377507719,12797233.06984092,27259232.969023094,0.03589517648508157,0.07013131906810886,0.6823529469108067,0.7047426121835192,1.387095559094326,10.886433243055341
149,12.466216860813105,16.9536995047686,1.6300303113366525,1.6303074952741359,40008.03811787396,3.6365687523799894,2.997984845138089,-6.201614451228139,5.425499747040399,3500.5714451417393,2.572373687119808,9.273740862149985,5.218270141228181,9.981272455570565,2.3009794783343196,2.380462688324904,8.105071049112734,15.636863403376065,40.75482412199742,45.42035285687875,0.4363322046378573,0.31700325178973193,260.42002939701183,13.637636267906016,3924.204552274,7328.224767514295,12139976.681603186,27331896.631798804,0.03679985446448701,0.06877286025801897,0.6995505134281124,0.6910915954468069,1.3906421088749192,12.246994159031097
