,N1,N2,d1,d2,freq,move_tx,move_rx,offset_tx,offset_rx,per,space1,space2,space3,space4,space5,space6,l1,l2,h1,w1,I1,I2,volume,total_loss,Lmt,Lmr,R1,R2,copperloss_tx,copperloss_rx,copperloss,coreloss
0,14.671979155785776,19.391412240312196,1.6290855751033015,1.6296777728244283,39996.319211634844,2.3566226377602906,2.840643527302418,4.940230681145699,0.24566592296151618,3500.5950997638356,3.705119937399867,8.850246430197258,4.271557415788623,9.000026765537363,2.3287368685606116,2.3575171690594794,8.013476120746706,15.00464386871388,31.302607093395963,20.110342381018754,4.351035770324516,3.161772770378388,130.583480722709,25.81408209025666,5.285490375352442,5.392177394184024,0.071417521240664,0.06685676399459733,1.3576185117765265,0.6718369357053091,2.0294554474818356,23.793686240522344
1,14.744118639748782,19.62394586455559,1.6291744555714927,1.6296847646408597,39995.012602012066,2.7310386050859425,2.958204113907489,-2.2852894013898073,0.34598034255527066,3500.782030724406,4.558954383902823,14.154743917417287,4.357996473948881,9.194409071539337,2.3327966156585354,2.359555120827572,15.231444982771068,20.532826163077846,33.313491046853386,99.7807793879474,4.351590281352898,3.160274993491147,809.9478701485856,4.534923241616298,24.624180128219972,23.512907141479,0.11441059804522045,0.12137248539535861,2.1748997046004233,1.2196599684894192,3.3945596730898426,1.156217449179098
2,14.684970955267493,19.427957393011745,1.6291297428682103,1.6300075815687058,39994.103021157454,2.7292168394220493,2.9544403982574843,3.4407312499959684,0.21066257516331588,3500.8754916784196,3.297837795982799,14.116657721674317,4.276431944895324,9.003274411478001,2.3325554273735762,2.359226777543964,15.16683148158258,20.510153078216312,32.90126208951477,99.69306258637317,4.3511561736655615,3.1601347848595904,797.655130954711,4.556963172647519,24.666884635033714,23.476926434524348,0.11507840245009199,0.12110520500029169,2.187594399215269,1.2169740945274312,3.4045684937427003,1.168823108529347
3,14.695758746493217,19.400184485776716,1.6292137669310978,1.629714020680562,39996.26034608257,2.3698658466123583,2.9618850199629962,5.359691155486806,-0.25539212998859645,3500.837290854661,4.8087317137164955,9.561238537537411,4.287496738319361,9.059684297124894,2.339452825672056,2.3716556941708427,15.204067213547267,15.743763256362387,32.880029653176315,99.89299546610508,4.351431747854216,3.160282968189666,726.626824765541,4.568509715288558,24.84417527575217,23.4278190202275,0.11777940233825082,0.124617794150205,2.2389393266892132,1.2522717516359951,3.4912110783252084,1.0937553319764985
4,14.67148407776976,19.427195770285316,1.6291734764516503,1.630018112113948,39995.41769421953,2.5373452397109344,2.8340967342920744,5.487261265288403,-0.3061052129456861,3500.794936825822,4.080472210310243,9.463325956849408,4.382797022245932,9.032675879439218,2.3316340057159657,2.3588447598020235,12.937401315139686,15.762164702791113,32.887996854260344,99.20280397928794,4.351347236223322,3.1633711885365217,604.9030432645748,4.802093444871373,22.84559163611649,20.984870521718907,0.11662940085852017,0.12649141821916327,2.217078258560125,1.2710996125425498,3.4881778711026747,1.328017229160909
5,14.671427444311865,19.427195770285316,1.629099509711824,1.6297139527029636,39994.909425323924,2.530707249010399,2.9668241910496556,5.359691155486806,-0.35392140581030784,3500.8258630698147,4.702893664125141,9.573392093410662,4.356544850347563,9.061736166389085,2.331218280946841,2.35950215357923,11.678462479978174,15.72218847117701,32.88545037820578,99.98116139047417,4.350305469395085,3.164109140228119,547.0725836489686,4.821523060734087,20.569887066710937,20.154911811536675,0.11232315492625417,0.12197481420594046,2.1352182458861213,1.225712710474075,3.360930956360196,1.4746282212751909
6,14.696392147270988,19.424978649758913,1.6292157017944373,1.6297842471665538,39995.46417040253,2.3993142372748584,2.9667571522740803,5.661566971107459,0.24417817588496232,3500.83744464682,3.9856302629186096,8.919828543733411,4.372418171970603,9.048558624954959,2.3313096088772207,2.356414274515772,9.915439164293346,15.723238696550457,32.88691816674375,99.99934722063597,4.351596769443065,3.164168477721712,466.4809625830433,5.051805206174486,19.7259729859187,16.569900595512713,0.1099943692246922,0.1189625733062329,2.090948961213709,1.1954430028970038,3.286391964110713,1.7778596620838123
7,14.650488283193958,19.38711162940703,1.629032133141608,1.6296564233306914,39994.20363185741,2.414567677090443,2.8469761348095113,4.280468966836302,0.2398139880190541,3500.528967486829,3.2846710266084096,8.768996446924803,4.302882671137116,9.008488765303943,2.3319234367025,2.359365224358329,8.106712828203289,15.024616508576353,31.406902881520285,28.157661869448834,4.351427175723021,3.164604873122501,156.26291842288487,16.506935691063003,5.957132895153634,6.198421518859915,0.07425098049736131,0.07478760767957737,1.4114814388626398,0.751533190811305,2.1630146296739445,14.352022179598148
8,14.671722337159796,19.386911752881314,1.6291968318130168,1.6299267657712169,39995.41174666773,2.306144517720888,2.8471093940570658,5.506245676785245,-0.23850746791033223,3501.0581348538462,3.3622371553077923,8.750219817582325,4.263410521464517,9.009351419677087,2.3301794039263064,2.3703265599653713,11.495771709794594,15.00872495063064,31.40912180907812,99.90610454338952,4.35239980293187,3.160667444296203,513.8967624772367,4.855939072848633,21.32586598374248,19.76124335967993,0.1130796932643093,0.1257805298445855,2.1495997370772146,1.263955966355255,3.4135557034324697,1.4573023273901617
9,14.672650760987752,19.380150611690453,1.629271121599589,1.6301246408930918,39995.23943817769,2.3087756982919547,2.964179566137811,5.492247039339124,-0.20743951801887453,3500.8068305029756,3.964677545289193,8.743803535747597,4.300854142899352,9.009924187150771,2.3410081205412827,2.359928381426218,14.674133110567073,15.75649190493831,32.45134563234912,99.84090502491722,4.351366500782798,3.162920723718592,692.4640513557952,4.622026873349582,25.147037578138818,23.432668695976414,0.1182731048716307,0.12457009378603989,2.2483244143677514,1.2517924154465363,3.5001168298142877,1.1363901017545006
10,14.669690963364548,19.38698813704757,1.6291673522245356,1.6296871984722145,39994.03523911872,2.3464508297086097,2.8367151082383093,4.889989312502833,0.2433213989012393,3500.7904615314683,3.5910621692676385,8.76789408926377,4.237250070966009,8.999041406046421,2.3414685547088623,2.358332337431281,8.009720911366509,15.024867004688344,31.299270270409245,23.026911126901744,4.352715814785186,3.16440059682628,139.17480758479863,21.566769581535834,5.494451502928078,5.492497297924153,0.07204090815834234,0.06955175941417727,1.3694688477268246,0.6989186751771259,2.068387522903951,19.50542105925392
11,14.671976628443533,19.425355472531955,1.6292137820705384,1.6296997786729583,39995.331550456394,2.4122688680406226,2.870224467812719,4.787075588127939,0.20371282763924617,3500.809111055828,3.9575113911996027,9.561490072453623,4.389807816802551,10.144031719762626,2.331353738317572,2.357096064939528,13.762359434749406,15.729545342204736,31.766351789940327,99.84168861022309,4.351820438244988,3.1630881707811773,648.7064988634496,4.709956581271656,24.203417931390675,23.32977976416137,0.1178449107246862,0.1268922707336896,2.240184614911995,1.2751277393757734,3.5153123542877682,1.2085962063165703
12,14.670967825579579,19.38691920752707,1.6291626042871996,1.6299478599776698,39996.42970989644,2.4090210213297616,2.8469736825713428,3.9960436109334845,-0.11539788986194804,3500.517014636995,3.5461461883266265,8.804944334612255,4.276866105542356,9.001603681711638,2.3302381081477272,2.355455530342514,8.059451217057543,15.003343363636422,31.33327209042171,67.92722582797873,4.351473363213299,3.160776947784302,272.53585428953147,6.8211702907549485,13.153077441006172,13.454052008351201,0.09541733536209394,0.10981777733196973,1.8138453782992612,1.1035478626312307,2.917393240930492,3.9172767680776612
13,14.650488283193958,19.387106418584345,1.6290725507436206,1.6296564233306914,39994.20904767398,2.4850297908246812,2.8470671815464548,-0.44057103808980846,0.24480909041417453,3500.528967486829,3.2846710266084096,8.764199157091854,4.302882671137116,9.008488765303943,2.3319268915141906,2.359365224358329,8.073212796576543,15.024616508576353,31.406902881520285,63.95197476665096,4.351427175723021,3.164466847956082,261.823252823294,7.167901639391024,12.561748332541013,12.922375160556886,0.09458825036073565,0.10805359132138716,1.7980848040574406,1.0858197338294873,2.883904537886928,4.294848328892136
14,14.67346459726353,19.386882496508694,1.6291743430696306,1.629665783549904,39996.25658356068,2.3447578598741634,2.839243490960202,-0.6586335015023677,0.23506225639109313,3500.6423763985604,3.4554669306936043,8.85406248273969,4.04775823323731,8.823488512737313,2.340501945019538,2.3583670701948343,8.074064297179612,15.035783776544326,31.35804035641552,26.269145463180962,4.351792593535056,3.1607261349357745,148.92063717919143,18.062779550571793,5.88493711600325,5.852035165787417,0.07401082361105824,0.07541829615412646,1.4069161525167728,0.7578709162232014,2.164787068739974,15.907712177012115
15,14.671722337159796,19.38710919096408,1.6291968318130168,1.6299267657712169,39995.41174666773,2.305913040351011,2.9662566421384056,5.366145221250265,-0.23850746791033223,3500.7891767229044,3.3622371553077923,8.750219817582325,4.296413053689072,9.009351419677087,2.3301794039263064,2.3703265599653713,11.495771709794594,15.00872495063064,32.972504033497174,99.99789641951469,4.35239980293187,3.160687275549147,529.0556960742899,4.85192810406015,20.629205062016315,19.238906273963195,0.1130796932643093,0.12229388417320017,2.1495997370772146,1.2289190126680711,3.378518749745286,1.4881069858987348
16,14.650487215197385,19.388298301629597,1.6292024721195022,1.629948486681519,39994.77618582931,2.366452966588181,2.836658764921444,4.061942952365293,0.2430739577121512,3500.5650148920595,3.583645525436669,8.767778681327538,4.300138561412411,9.008861795765773,2.340539887926025,2.3687328053466197,8.043392770714503,15.069873140408577,31.321678812301833,27.3804226516477,4.3514512086270045,3.16500113367053,152.9247149750689,17.235220668789577,5.941937019243463,5.963456397748331,0.0750533982959238,0.07212887094385063,1.4267350802461933,0.7248158112276606,2.151550891473854,15.091543346814822
17,14.669852630542833,19.386965562647717,1.6291955132412317,1.629684006075556,39994.33791976053,2.356776218156228,2.8366420273060706,4.743020725941191,0.2430630027265616,3500.5748722530716,3.5909987168296893,8.76801780745321,4.2356211897821225,9.008973415917012,2.341487582317929,2.3583048728369422,8.002881974163364,15.002504329081686,31.321370944763977,24.087889540504428,4.3531191137688,3.1646158950579406,142.21015087298773,20.330440641856505,5.587097415843038,5.634638854526179,0.07206428555319119,0.06955175941417727,1.3699132426519436,0.6989186751771259,2.0688319178290695,18.26830141363155
18,14.67219099571332,19.424443122230674,1.6292033455666775,1.6300384812774809,39994.85759789408,2.4144691737621327,2.9593195764639124,5.496239114529185,-0.2221968928555503,3500.806428183695,3.8200413419307355,8.74487820155211,2.9611441039370154,9.00911200426101,2.3402707581507185,2.3584845636378127,14.328197825514966,15.02866411570376,32.88502065694956,99.84168861022309,4.351598011575288,3.1629254933715605,667.8458169045883,4.649799364330216,24.811789343115198,22.979640114457865,0.11778621764897373,0.1256571009322476,2.2390688830199315,1.262715641558063,3.501784524577994,1.162265902065578
19,14.538715396704136,19.424918331781655,1.629189351996669,1.6296856959513792,39995.400379368046,2.307704340060609,2.853318918938555,5.662854809716169,0.06890415668546597,3500.859867936355,3.6318394246231693,8.758856910778476,4.30295111400308,9.014280991959883,2.332209381427908,2.3551149213752525,9.905146685476758,14.994298845973244,31.608533834139504,99.91473531209672,4.352313233957378,3.1631196552773235,444.8372874462592,5.090732773145872,20.02857361581493,16.932880850053458,0.1099943692246922,0.12296558555998886,2.090948961213709,1.2356688727337721,3.3266178339474815,1.77683931672583
20,14.67299967146742,19.38551114144601,1.629032133141608,1.6296891338753612,39996.221905887745,2.3107272028795296,2.846805658370907,5.484314390890166,0.2644627847643473,3500.516806350529,3.585478389908308,8.772766044545946,4.302688763858368,9.008265019981232,2.3225263546887973,2.369364312777259,8.013225236047449,15.090817413119971,31.408050245946505,24.667077114697747,4.352629587691436,3.163990466612059,144.8047233356213,19.765308539543433,5.587097415843038,5.634638854526179,0.07491336730713155,0.06955175941417727,1.4240731471616481,0.6989186751771259,2.122991822338774,17.649774770381363
21,14.67346459726353,19.391260324142532,1.629161353025291,1.6296855467488829,39996.25081985773,2.3447578598741634,2.846925760315385,4.904498499287729,-0.23530501663858036,3500.66395733167,3.544803025654001,8.801728132237963,4.0417202109957,9.03561081936156,2.34112183762022,2.3628148670916116,8.013012430721517,15.035759677879941,31.359295676608802,21.15094958598558,4.351788600059678,3.160727872731074,134.16850866771549,24.13113834239887,5.313713583078605,5.392177394184024,0.0713280333651379,0.06685676399459733,1.3559173830579256,0.6718369357053091,2.0277543187632348,22.112410990650652
22,14.67118184607376,19.38833554158913,1.6291993054103102,1.6296873084328078,39996.69342764498,2.399373878208196,2.840754393320812,4.940230681145699,0.24566592296151618,3500.5950997638356,3.7240149589857467,8.812115120732768,3.8586747337107186,9.008027624793161,2.3442272369551227,2.3575398229759315,8.013477799674726,14.993489288936052,31.302499787610778,25.507215392033032,4.351479099982361,3.1614920661694996,146.43058691655662,18.878360710329822,5.88493711600325,5.821317336793883,0.07432786552805376,0.07235251153159453,1.4129429925420909,0.7270631531298403,2.140006145671931,16.747769374518455
23,14.669246808169552,19.38515226250452,1.6291877480580754,1.6299546433697472,39996.093579550114,2.4890965778753604,2.8468300662246158,4.287144980291269,0.2414722809953569,3500.553440624835,3.6987848704231925,8.7732438492393,4.301856238256885,9.000250283734898,2.3286027222663495,2.3593891741970294,8.985364369725175,15.085096988746773,31.370883566166043,98.61584215281663,4.3505860890548025,3.1614552353013985,401.11889846587115,5.291290618816643,17.797065496809815,16.43799285796219,0.10990659109897989,0.12267509267229874,2.0892803341551685,1.2327497387546629,3.3220300729098313,1.9849097813657732
24,14.669249338688841,19.387691647503257,1.629197364966228,1.6299599945466066,39996.052456351536,2.3579491635723384,2.846843766235089,4.05858858139436,0.24350921772934714,3500.6361065585797,4.030184805592607,8.773481963337805,3.950079679525577,8.76479934637485,2.341120682300795,2.368903142443588,8.06296489346782,14.978733270031952,31.40991744608647,27.06663955898363,4.352055660807513,3.161466438252957,150.70937932431585,17.38494924046118,5.941937019243463,5.9561588535944185,0.07435124292290261,0.07214971603213943,1.4133873874672096,0.7250252814353659,2.1384126689025758,15.255580780741095
25,14.638441427772937,19.387461518528113,1.6292823661887956,1.6296893880448218,39994.753499893624,2.3336440746920095,2.7892740539465364,4.281546132334761,0.29816625835472516,3500.743794493654,4.085468291678144,8.721878819669802,4.296604345825154,9.059987391113694,2.3404595481020265,2.3573729792782596,11.054946183289015,15.039447402894154,31.42565418966119,98.90713858058257,4.351011612745445,3.16128382949188,490.7251910881426,5.005062899335702,21.045858291683867,19.60665035828641,0.11492022274638516,0.12733290282220683,2.184587466319684,1.2795556071700742,3.4641430734897583,1.556944652077776
26,14.673258238312265,19.39153275419447,1.629173061950318,1.6296877078523313,39996.24998951524,2.490747810988165,2.846405331033769,4.899460418926784,0.24137782123015405,3500.6065910322527,3.496161148373174,8.805535195265918,4.271810207102609,8.999430000304471,2.3415480860666475,2.358455260299787,8.075521318998003,15.03746450350934,31.361373837940185,56.39775799435931,4.35086958732161,3.1608312565672763,239.29727154087843,7.827720314208372,10.295581674836061,11.210200660735492,0.08749039866283682,0.10260619644558124,1.663157482421063,1.0310794074620013,2.694236889883064,5.1463977266033325
27,14.670905758170234,19.388442662201296,1.629169883222001,1.6296887754459206,39996.713073151805,2.435183111276353,2.8399269741499857,3.96752224910136,0.25348101674900286,3500.567104047385,3.587007577288956,8.772570025413602,4.30297820188135,8.99254737947685,2.3440091463160897,2.3597997197168676,8.013538734145019,15.037608871500712,31.321685730684216,29.392404209318784,4.352334106652929,3.1629263345719116,158.05072003576703,15.764020570208308,6.023665621306967,6.20216279090213,0.07463648119970638,0.07517911747162849,1.4188096530139387,0.7554674335606475,2.174277086574586,13.598096090890076
28,14.673021639044158,19.391274594511255,1.6291728867338446,1.6297286846689736,39992.36339202387,2.491495422869249,2.8344816203313408,4.05858858139436,0.24392945913280178,3500.512412150479,3.541309783487483,8.80664812217999,4.221662938877244,9.000808947608158,2.341122908626556,2.3587134463238417,8.063035813490403,15.037307746933916,31.406827806859685,59.315365481598235,4.350850004898365,3.160686224109343,247.86099828909232,7.612618679032545,11.910607227091152,12.421620943244102,0.09391829316169477,0.1045695525705461,1.785349185686553,1.0508089768261608,2.8361581625127137,4.790111894156832
29,14.673426712410482,19.386915178719743,1.6293360986199386,1.6296842571572048,39994.12099077072,2.4128754676196205,2.851883748780378,4.2965579712721755,0.23802338760770164,3500.5548054850406,3.5919380755649715,8.760848823944546,4.284651025666729,9.000355414498527,2.340856028553748,2.3593862985160725,8.003483978609035,15.002511185687991,31.408072786874506,25.00163961987606,4.353083970529379,3.1615599459368946,145.12253525004206,19.420411168621616,5.587097415843038,5.634638854526179,0.0750533982959238,0.06955175941417727,1.4267350802461933,0.6989186751771259,2.1256537554233192,17.302996883070147
30,14.673126982214631,19.386879706421603,1.6291613251036519,1.6297130187196265,39994.08347705644,2.487501529862189,2.8367151082383093,4.621934171762842,0.24306907206770828,3501.0692526136595,3.5462323892295817,8.768043414019948,4.240796782604597,9.03058252399317,2.3414685547088623,2.35843951055323,8.009357845980844,15.015069400851983,31.359193883982456,23.3399680096652,4.35272713739436,3.1613655699950773,140.40847535445616,21.18604001238105,5.494451502928078,5.492497297924153,0.07206428555319119,0.06955175941417727,1.3699132426519436,0.6989186751771259,2.0688319178290695,19.1255767907554
31,14.673258238312265,19.39153275419447,1.6291731322373901,1.6296707821152558,39996.429489305025,2.490747810988165,2.846405331033769,4.540515900413955,0.24137782123015405,3500.6065910322527,3.49786022858715,8.805497611397781,4.276827199517087,9.442738225036875,2.3415480860666475,2.358301728770728,8.074797779971972,15.03746450350934,31.361750606351404,35.883186153248936,4.35086958732161,3.1606137978059543,181.1127960562675,12.344050820335445,7.718615698804177,7.198891069762845,0.08106015748413606,0.07741410183931138,1.540921169710433,0.7779265679730561,2.3188477376834893,10.036250086302841
32,14.670882383234824,19.386965562647717,1.6291956509087715,1.6296891649158518,39994.33791976053,2.350179961935524,2.846814321649077,0.11839874472771283,0.2308992412159134,3500.574674216863,3.5978926207951605,8.76787578965933,4.350652599448266,9.001138482750331,2.3316826621687,2.359343703911085,8.003851088462971,15.000327498524861,31.319932435439927,34.73817961434968,4.352703520119388,3.164510430254604,173.43006224937668,12.98972511172779,6.8158441768516,6.971174696792382,0.08213025383905119,0.07986213097441834,1.5612632733788276,0.8025265679488325,2.36378984132766,10.633933565036456
33,14.696591158051195,19.427195770285316,1.6292127987659581,1.6297141949391705,39995.41769421953,2.537730697875151,2.9668239354598063,5.4860789008661,-0.36990924003932063,3500.837922358708,4.802652467525545,9.561296957405354,4.137133269686761,9.03239861325847,2.3309008296196816,2.3592330988376147,13.293896712624177,15.72038642060799,32.8880755913774,99.98095710484874,4.35131392692085,3.163157621554672,626.0288374962767,4.7134973660893955,22.788534162312178,22.42143588738883,0.1158656707682708,0.12519042205948894,2.2025600550365207,1.2580260322335983,3.4605860872701193,1.2671034835763955
34,14.669835455218625,19.38696417332649,1.6291955132412317,1.629684006075556,39994.46593339424,2.354094267113132,2.8366420273060706,4.074100922974729,0.2430630027265616,3500.6197869382854,3.5909987168296893,8.767848694482188,4.2356211897821225,9.008973415917012,2.341487582317929,2.3583048728369422,8.002881974163364,15.009861445011577,31.321370944763977,23.764246345595595,4.352932349504542,3.1646158950579406,141.29375289496505,20.701150790938893,5.587097415843038,5.634638854526179,0.07206428555319119,0.06955175941417727,1.3699132426519436,0.6989186751771259,2.0688319178290695,18.63912873775024
35,14.670967825579579,19.37993969078499,1.6290744959005565,1.6301451531872961,39993.9900796423,2.3042816324772564,2.8469734755563194,5.484303744906798,-0.12519768889940383,3500.514676402463,4.092910199392592,8.807879206544847,4.300854898704516,9.001603681711638,2.3302381081477272,2.35970760146558,10.031477164990166,15.00334045163439,31.290570938401338,67.67863457155296,4.351591502845831,3.1615483276407317,331.4562224458634,6.013735699975578,14.707867459098013,14.439764655874907,0.09822330339793806,0.11253636811425914,1.8671857082734435,1.1308667095433786,2.9980524178168224,3.028900341380747
36,14.670883567910268,19.384418115574423,1.6291955263670674,1.6300396778266941,39995.395007573934,2.350400160052439,2.84681139536215,4.073111165288599,0.23133328703118008,3500.574611171274,3.5977086700692356,8.772937224375207,4.2875522901035765,9.034207096127215,2.3413225483483537,2.357417998717303,8.198678824294369,15.004047959246753,31.320053846691717,34.760067063668416,4.351592566920189,3.1607564037023574,177.32998146376835,12.64639959323175,6.804329796456133,6.976364368901119,0.08213025383905119,0.07741410183931138,1.5612632733788276,0.7779265679730561,2.339189841351884,10.317755339188226
37,14.695576272626699,19.426699634365168,1.6292118756445593,1.6297096362023336,39996.206742532355,2.3447578598741634,2.8413643726140303,0.24321996626532316,-0.1953241281705676,3500.66395733167,3.544803025654001,8.850623029829872,4.0417202109957,9.03561081936156,2.3312992036819113,2.3592440110175765,8.074064297179612,15.035783776544326,31.359295676608802,30.92263321418882,4.351788600059678,3.1607261349357745,163.97488835587606,14.6586131604199,6.531459816041242,6.585217298705666,0.07532068435600862,0.07766883678331304,1.4318160813339817,0.7804863739518344,2.2123024552858164,12.456258804836255
38,14.64953624814749,19.38855521708382,1.6290317558065293,1.6296886963781572,39996.31797987907,2.4861121415153606,2.8468615332115528,-0.9258399890748428,0.2396282075583952,3500.595775993574,3.5783078824961434,8.821369321866673,4.302914310883636,9.000826969261787,2.3288652807531114,2.3592580475378644,8.06378441715944,14.995104731885421,31.406830459828896,61.91064608405631,4.351474901132934,3.160899551056828,255.22716628172716,7.383873899783334,12.561748332541013,12.777496996871625,0.09530181963852709,0.1069836610272772,1.8116494706005448,1.0750681112970057,2.8867175818975506,4.510397780091541
39,14.67088251436599,19.386965562647717,1.6291955132412317,1.6296873114719337,39993.95638023232,2.406273861916238,2.84681139536215,0.09230647999531527,0.2308992412159134,3500.5579304812454,3.5893409170803188,8.766742899492543,4.3513623781350566,9.008071863977872,2.331758250494239,2.3593206288678266,8.0036120483492,14.99918334356757,31.321370944763977,20.370501513811387,4.352637119922537,3.164649547004584,131.2962267227759,25.43988548107025,5.285490375352442,5.410001302656975,0.07144089863551285,0.06932563821799309,1.3580629067016454,0.6966464058887908,2.054709312590436,23.39210878024992
40,14.671722337159796,19.389494293325015,1.6292141676165388,1.629909425867537,39995.40893830602,2.306144517720888,2.8471093940570658,5.506245676785245,-0.2372102233972438,3501.0581348538462,3.3622371553077923,8.750219817582325,4.264441437926251,9.059821009449871,2.3301794039263064,2.3703265599653713,11.495771709794594,15.00872495063064,31.40912180907812,94.9570404488629,4.351447836001973,3.160667444296203,493.85221646819235,4.957564272021996,21.21972172655218,19.732186632822017,0.11249903750680479,0.1257805298445855,2.1385617033893567,1.263955966355255,3.402517669744612,1.570859253301068
41,14.639689465694918,19.387077551019686,1.6292887221597916,1.6296758298283327,39995.99664719009,2.54873151772027,2.84333435961567,4.747806746978306,0.275957549560485,3500.783777106596,4.0770707647365745,8.796079280036492,4.300819043757773,9.000129611556842,2.341633384080867,2.358328449368904,8.08369124193629,15.002456957692122,31.942441762165636,54.116300096110024,4.351201626755758,3.1643052222761914,235.322060726033,8.16520470320327,10.028708138303495,10.670734640708522,0.08749381261713411,0.0965085585251907,1.6632223803266728,0.9698048537637889,2.633027234090462,5.542364681318527
42,14.66801817070692,19.38606025329207,1.6291960382716286,1.6297007358250764,39996.26650829551,2.3654710918730997,2.7584788204585133,4.284382690759422,0.23090395608990158,3500.586283670406,3.610169641829456,8.535594923647938,4.273945788683581,9.032680880238626,2.3313130811222664,2.357417998717303,8.000050575641698,14.94543961295661,31.177046014799217,46.94817604495482,4.352775624736013,3.164649547004584,208.3544929993669,9.417725566553363,9.615888524825356,9.320772622759653,0.0870771567917514,0.09656884401703462,1.6553019197484777,0.9704106566427793,2.625712576391257,6.800767037583513
43,14.673648092605212,19.386915178719743,1.6291879037433665,1.6296882349625201,39996.27594609991,2.4210806895646875,2.8393987212661185,5.1256239850533944,0.2381280883742669,3500.5502404104595,3.5552670183551056,8.85414688397637,4.272165392973351,8.999788029353212,2.3408329873510554,2.358484922182006,8.009666073628225,15.038099960698124,31.359831074161146,20.62643940528254,4.3523746623885184,3.160855647248404,132.35234265365003,24.992412322917808,5.298021867486648,5.392177394184024,0.07203305931275912,0.06685676399459733,1.369319644311826,0.6718369357053091,2.041156580017135,22.959911688177737
44,14.67346459726353,19.386882496508694,1.6291623623971232,1.629665783549904,39996.32128105566,2.4816895619852333,2.8496948799521493,-0.7610040507211515,0.20760372844798264,3500.6440346065397,3.5291286481559916,8.85573962826133,4.04775823323731,8.823488512737313,2.340501945019538,2.3584451496317356,8.074064297179612,15.035783776544326,31.35804035641552,21.453783819934834,4.351792593535056,3.1607399202116357,134.653874699683,23.502945347877642,5.298021867486648,5.41282476268535,0.07123931002920103,0.07014618920487316,1.3542307879311002,0.7048920407008499,2.05912282863195,21.45302840807533
45,14.669246808169552,19.40797992427613,1.6291877480580754,1.6299539032590882,39996.2191453065,2.527151573723278,2.8468300662246158,4.336419394400389,0.2414722809953569,3500.553440624835,3.6432940611549234,8.7732438492393,4.303302052903018,9.001799087435932,2.323275127737311,2.3593723819426033,8.503801648015894,15.020181473291752,31.370780237870243,70.69207239465415,4.350456369531958,3.161454141301912,294.5334625546022,6.374225824040444,13.828705866014488,14.000510145485785,0.09561246370376938,0.11009496782666284,1.8175546900231747,1.1063333221933522,2.923888012216527,3.464243003206616
46,14.673648092605212,19.384411151413712,1.6291879037433665,1.6296882349625201,39996.27594609991,2.4210806895646875,2.8393987212661185,5.1256239850533944,-0.12019402069343309,3500.5502404104595,3.5552670183551056,8.850915434878113,4.272165392973351,8.999788029353212,2.3308430927328954,2.358492720443205,8.009666073628225,15.00287160904953,31.323010848387224,70.89527169475309,4.3523774008836,3.160855647248404,279.7555516007123,6.60990526703855,13.800015362845421,13.832218718909541,0.09539344840398535,0.11007412273837404,1.8133912967804002,1.1061238519856469,2.919515148766047,3.703097653365816
47,14.6502359977622,19.378742982733765,1.6291771747634132,1.629660852072139,39996.08852036889,2.348364743212184,2.839396625727427,-0.607787357080996,0.24148791357232208,3501.089680173275,3.5550512056667816,8.853587118318686,3.877743227868901,8.998225187072975,2.3404952191880737,2.358443854677767,8.000136528036194,15.042697756244724,31.35987699247093,29.025620381709334,4.351491387726132,3.1608408473435974,156.9250621565076,16.125391688629673,6.023665621306967,6.219986699375081,0.07393432582668519,0.07867133818135941,1.405461960234955,0.7905604102506625,2.1960223704856174,13.939411298567734
48,14.650797721851182,19.38873182396997,1.6291727211625004,1.6297019010569955,39996.255564389605,2.3656623402349597,2.846718850612355,4.979172358442562,-0.24484188633788623,3500.9688100265753,3.2938663097827314,8.800006397506388,4.301493135217648,10.248380110122685,2.3224190177211916,2.359338987549354,9.007890458196226,15.004435921173972,31.407847435642733,71.30842067707769,4.350859036484265,3.1614238109929302,320.36908520843923,6.114002629396392,14.137982706268225,14.1484447888466,0.09528891131972497,0.1108558164286425,1.8114040886234442,1.1139790137097856,2.92538310233323,3.2022263820491954
49,14.638486671106318,19.38692995001117,1.62930897720415,1.6296853310787736,39996.00667056466,2.311589442394372,2.843309105063594,5.481316008799915,0.2386864272839997,3501.063107222521,3.2952972957035054,8.760377440273666,4.277005093534818,9.000131669175818,2.323401402580728,2.369370418923852,8.07176885314273,15.00407366036833,31.40807243554513,32.79771247308406,4.351350435581753,3.1642952947922987,169.3404965650776,13.78119409729921,6.75832347367275,6.9373370747032945,0.0779630412647187,0.07672292423738232,1.4820462292257968,0.7709809933690311,2.253027222594828,11.536813746967875
50,14.673739791890592,19.38474122782383,1.6292110239468933,1.629683303503717,39993.20336423395,2.403688025704008,2.8342232357978547,3.145634834542778,0.23867336671666822,3500.5234890567317,3.58462872166041,8.875492489945636,4.276705447213742,9.001853155067773,2.330483686507209,2.359225595745582,8.001314019285955,15.037529936083656,31.414304931313744,32.362695941846226,4.352223227242922,3.1643156148296,166.9482100268299,14.070239656809528,6.515768100449285,6.785563461180158,0.07816311536226636,0.0757912588632147,1.4858495577905388,0.7616187811905581,2.247468338981097,11.830796094182945
51,14.669938635062275,19.379451166959306,1.629195607053437,1.6299193275473762,39995.42663513934,2.35664246584019,2.846673417377762,4.014240845887188,0.231422714384461,3500.5744795383507,3.585523298858207,8.767759331338883,4.287114055688275,9.034037947141243,2.3289498899860157,2.3573938591366983,8.198678824294369,15.002841998365382,31.321101539690186,89.12013569620603,4.3515583172756775,3.1607423475926937,340.22844453394293,5.841892083788268,16.762452097423658,15.501345445156375,0.10788823543721708,0.12311589503635839,2.050912200367322,1.2371793176308619,3.288091517998184,2.5689502426732234
52,14.670967825579579,19.38693184968517,1.6291626042871996,1.6299485707868604,39996.42970989644,2.4090210213297616,2.847145072110388,3.9901200191348174,-0.11539788986194804,3500.725534595364,3.5784996443023593,8.804944334612255,4.276866105542356,9.001603681711638,2.3283362278056567,2.355455530342514,8.059451217057543,15.003343363636422,31.33327209042171,37.21827700669931,4.350799857826091,3.1606146571004734,181.8327849377413,11.856330371737455,7.734307414396134,7.4956158323679745,0.08188869806731325,0.07817156654684594,1.556671394780398,0.7855382550726001,2.342209649852998,9.525327893838265
53,14.651307212379516,19.46811197398259,1.6291793593348243,1.6299423074261536,39995.60668753383,2.5069608932344827,2.9792233258401515,5.382107217084272,-0.1990661618486521,3500.8348144090482,4.907001374110361,9.56856016257726,4.285313231550019,9.0596772138204,2.33154569177874,2.359512265500535,14.891592000170554,15.727153203207596,32.880029653176315,99.17443395529264,4.351499194468065,3.1601840364784772,705.2147494846394,4.613936481540186,24.784648616107088,23.443191799012386,0.11777940233825082,0.124617794150205,2.2389393266892132,1.2522717516359951,3.4912110783252084,1.1391908865307578
54,14.6730116006666,19.385312970141275,1.6291610185437857,1.6297447084217271,39996.47844125414,2.4824383385277855,2.846837924317098,4.052619625159868,0.2671601818680062,3500.5338909879606,3.5859470190664595,8.771140301258665,4.326348152995526,9.01117701608944,2.3415209706250666,2.359464833437815,8.013225220206134,15.090506945824286,31.408064483524804,40.42861606682891,4.3514535669291705,3.161286186062838,191.29085470194042,10.850790556093903,8.669766618932266,8.028594834756007,0.0812006601526017,0.08056373459408951,1.5435920692368976,0.809576912562546,2.3531689817994437,8.508111787083433
55,14.651156004564582,19.428509385891658,1.629173258581366,1.629898323490541,39996.26355577359,2.3697332096077504,2.834082334822149,4.2877106818326425,0.24148085177443726,3500.5831084038855,3.641123118166494,8.773202183057107,4.3033022589574434,9.032331160952092,2.33120813449091,2.35761444344499,8.005325892680611,15.007123694484163,31.3708756584075,30.387945554979613,4.350661838402345,3.1646281057169774,161.0691286369688,15.176033286612586,6.123677095313381,6.2292053983486575,0.07471493017537027,0.07517911747162849,1.420300936661719,0.7554674335606475,2.1757683702223662,13.008900612571844
56,14.670944990752922,19.388442662201296,1.629169883222001,1.6296887754459206,39996.713073151805,2.4420193748552683,2.8400053745142433,3.9625385467264347,0.23787053972998695,3500.567104047385,3.3069227385126627,8.772570025413602,4.30297820188135,8.992460069491438,2.3440091463160897,2.3704328399233634,8.013538734145019,15.037608871500712,31.321685730684216,93.85029182820757,4.352333886638068,3.1629263345719116,347.73168981359976,5.753713539238484,17.38509077093836,16.07572989100608,0.10901003411631702,0.12401915124588136,2.07223714453754,1.2462560489547372,3.3184931934922774,2.4480567836726808
57,14.671025191811932,19.38673140945639,1.629169883222001,1.629687258672973,39996.142231410784,2.4773568063423035,2.830016481507471,2.036710474809466,0.25348101674900286,3500.5669722496036,3.316292600945029,8.771289006329278,4.051297921605358,9.013409228010362,2.3299549707046876,2.3581346936054137,8.00515541049339,15.042913160865488,31.300905730417146,22.482031676673895,4.353748601754971,3.1629874853085176,137.67495978402457,22.237020673685997,5.421218185213575,5.4731313880165136,0.0706120385726567,0.06758389810582509,1.342306608450775,0.6791438336756257,2.021450442126401,20.22241810135014
58,14.673477813399536,19.386297934415882,1.629335725836967,1.6299536723660908,39996.26591469761,2.4199748166454667,2.8518810076220946,4.2965579712721755,0.2379568955460319,3500.5548054850406,3.128329327601773,8.760848823944546,4.321896195182076,9.000355414498527,2.3232044621300854,2.3529812409358595,8.518316020687056,15.022908319941179,31.40800703381674,74.32978936698234,4.353083970529379,3.164052552042321,306.4801605067712,6.256767324166414,14.987767429232912,15.119023444258813,0.1026254108485743,0.11009496782666284,1.9508680100670581,1.1063333221933522,3.0572013322604104,3.209897630418852
59,14.673426712410482,19.386915178719743,1.629309662698206,1.6297014241303065,39994.121339899975,2.4128754676196205,2.851883748780378,4.2965579712721755,0.23802338760770164,3501.0684215492615,3.2952972957035054,8.760848823944546,4.276049962806262,9.000355414498527,2.340856028553748,2.3593862985160725,8.33836062440301,15.002510908121838,31.408072786874506,95.25779671970278,4.352345977472253,3.1615599459368946,364.3920832531561,5.57200237770345,17.486216714701733,16.181817143290697,0.10884622521044801,0.1227794921045001,2.0691232027605326,1.233798838208911,3.3029220409694435,2.2828998694671125
60,14.673792057545288,19.384695273738327,1.6291610185437857,1.629924697249187,39996.48128685127,2.4824383385277855,2.846837924317098,4.052619625159868,0.2671601818680062,3500.5338909879606,3.313417704220417,8.771192118661311,4.275805091832647,9.011143546492983,2.3415209706250666,2.359464833437815,8.013225220206134,15.090506945824286,31.408064483524804,41.09229665624926,4.351478478587195,3.1644217978774427,193.25039712830167,10.633953925617677,9.16271008644582,8.110198525617966,0.08039824235403921,0.08056373459408951,1.528338427853344,0.809576912562546,2.33791534041589,8.304853646968226
61,14.670984464261563,19.400184485776716,1.6292127801930498,1.6296886961279242,39996.26034608257,2.5307144714427348,2.9619846376385843,5.359691155486806,-0.261614991425065,3500.837290854661,4.809352595038878,9.464728278576658,4.287496738319361,9.059684297124894,2.339452825672056,2.3598841361280214,15.004197620732278,15.743473909985038,32.880008360758275,99.89299546610508,4.35131547099137,3.160282968189666,715.6430869654182,4.5889784120214125,24.801262104598724,23.443191799012386,0.11777940233825082,0.124617794150205,2.2389393266892132,1.2522717516359951,3.4912110783252084,1.1143432130014508
62,14.673475494958822,19.384592038678402,1.6291597373004236,1.629969100129824,39996.118648515425,2.4075115077250593,2.852439257629169,4.073111165288599,0.23788499254000559,3500.5854701360613,3.7462058419822504,8.76786363269805,4.322441107093677,9.000505455348373,2.3410201357036575,2.35524766498159,8.224243935548147,15.0025109084387,31.405661947303013,94.44624335046848,4.352310219955265,3.1641614022874682,357.5654796372118,5.654408066197524,17.398869932858968,16.12567227897598,0.10884622521044801,0.12403999633417016,2.0691232027605326,1.2464655191624425,3.315588721922975,2.350698902771296
63,14.670566435041689,19.388598922101938,1.6290824025795987,1.6296268989807847,39994.07947656099,2.409534411385368,2.846976842145448,4.998736840382732,-0.11978251694871557,3500.6659946992604,3.293356312199297,8.560288535886835,4.3007193045450745,9.001604434120836,2.3308217182819986,2.355455530342514,8.35182285863787,15.0036432045478,31.40797784697693,43.14822680285983,4.351780186624768,3.1613528395605877,205.91654681638116,9.779156086149246,9.20155411870497,8.412203210839957,0.08131366778374166,0.08977331975999747,1.5457402991018157,0.9021231129362386,2.4478634120380542,7.3420304112055375
64,14.65085535933023,19.38556209473031,1.629032133141608,1.6296714679936022,39994.08331348387,2.4120047136013083,2.8469761348095113,4.2805343651606425,0.2645266802489105,3500.521993202646,3.708864525501409,8.773237428216826,4.301471449126433,9.008488765303943,2.3410036141976702,2.3593730446635264,8.209597578042448,15.088707168481363,31.408050597275878,71.21606625984549,4.351525935039273,3.1612931204034007,288.0703259468452,6.506687578889546,13.798102809174072,13.85523229949123,0.09574400873889803,0.11009496782666284,1.8200553085229563,1.1063333221933522,2.9263886307163087,3.5934360398342946
65,14.65087552659192,19.4281847723079,1.629173258581366,1.629900145565415,39993.44300790133,2.4884662870884195,2.834354231134304,3.2083559462822087,0.24148085177443726,3500.552457121009,3.641123118166494,8.773202183057107,4.3033022589574434,9.001728920264553,2.3409407256956625,2.35761444344499,8.005325892680611,15.009201067345092,31.3708756584075,30.213170598400186,4.3506632728918095,3.163241881318706,160.38625131894256,15.288680877824197,6.123677095313381,6.2470293068216085,0.07471493017537027,0.07517911747162849,1.420300936661719,0.7554674335606475,2.1757683702223662,13.122206730968323
66,14.650408509182238,19.388251861247088,1.6291970827854212,1.62994442322962,39994.772876906674,2.3570299375493975,2.8436595707754617,3.807970635924434,-0.1977178205022878,3500.505837633848,3.5392499573786127,8.777778354313025,4.300119643855293,9.00963320554807,2.330077222762643,2.3687328053466197,8.000810439166136,15.069873140408577,31.409933802322758,31.79905842858669,4.351446101302183,3.1649112348667012,165.53978767493555,14.433377053393558,6.531459816041242,6.767739552707208,0.07808466638660247,0.0757912588632147,1.4843582741427586,0.7616187811905581,2.2459770553333165,12.195661893042287
67,14.672448255751172,19.386736192045113,1.6291622811580226,1.6296757018961658,39996.24998951524,2.487102140791803,2.815966138658022,0.08784486422410076,0.24316373883471093,3500.56699031238,3.5412525034360063,8.852616375077957,4.27694198649012,9.032578587018739,2.329149893983294,2.3581232450847636,8.010386454227326,15.037463688946215,31.331459919405674,22.11991765486958,4.352059328762068,3.1607261110465616,136.86412030657286,22.764381621549095,5.421218185213575,5.4731313880165136,0.07261546700011373,0.06896419433132624,1.380390981485362,0.6930142924160642,2.073405273901426,20.700048775479708
68,14.670956989559338,19.562332248781527,1.6292127649854689,1.6294325984641123,39995.64988787586,2.5566529510206095,2.9826822121445176,5.3597266748874945,-0.2114410795766375,3500.8376629867103,3.9499789891505013,9.557642322511358,4.355133573933837,9.039960317914405,2.344159151412123,2.359512053025436,9.13122573356146,15.722948548333855,32.88655198005417,99.8921947289161,4.350693478228134,3.1631279155130896,432.21771020833194,5.211346988946719,17.31828974891644,16.204208095883036,0.10833161846787666,0.11867208041854278,2.0593407344269483,1.1925238689178945,3.251864603344843,1.9734292459635825
69,14.637132781295286,19.386915178719743,1.6293066011170387,1.6297749381771487,39996.00667056466,2.3115589484628676,2.843309105063594,4.042447571191249,0.23812077506284704,3501.063107222521,3.2952972957035054,8.760377440273666,4.277005093534818,9.000131669175818,2.322825476350557,2.369727279806264,8.194529627848672,15.002668082231828,31.40807243554513,51.919448828199535,4.351350435581753,3.164325478350058,228.93312398727466,8.349788434812305,9.989949403691927,10.450149631949914,0.08606706136645033,0.09701628356617038,1.6361004097516745,0.9749069319280895,2.611007341679764,5.748753372633079
70,14.695888778696208,19.468415011227926,1.6292138685029935,1.6297140656298967,39994.89603308742,2.522252301864983,2.9668180534040465,5.359691155486806,-0.20403737120508658,3500.837290854661,4.792146023482543,9.561238537537411,4.358715559612943,9.059647168083403,2.3311919289258887,2.371158784350113,13.967031130009964,15.722102494006652,32.88011761394403,99.89311625929285,4.3514348811957415,3.1605169628249423,660.4599582831461,4.656902664183576,23.866203388222004,22.957801564202917,0.11625896962122843,0.1256273653402487,2.2100365089117044,1.2624168315676252,3.47245334047933,1.2006656539423484
71,14.670727671050784,19.38852191089483,1.6291631450147743,1.6296300327912603,39994.594529587914,2.4118275422388784,2.846933871791105,0.38496021646950607,0.25315802411931754,3500.669611628452,3.5341753591093776,8.854629353086088,4.301096749380338,9.001603681711638,2.3288118830517566,2.355455530342514,8.169745646815672,15.003564658001853,31.40801034910753,43.44316952113482,4.352142137363715,3.161614296151121,202.89337879871852,9.94937337428052,9.201440019333432,8.409181165603393,0.08246210586254847,0.09224219398339323,1.5675716476047017,0.9269325831197202,2.494504230724422,7.465412004901537
72,14.673477813399536,19.38686362090561,1.629335725836967,1.6296842571572048,39994.122345621625,2.4128754676196205,2.8518810076220946,4.2965579712721755,0.23788966361969288,3500.5548054850406,3.5919380755649715,8.760848823944546,4.323117038756679,9.000355414498527,2.340722074626719,2.3529812409358595,8.229207319637581,15.00251118076468,31.40800703381674,37.027196051500496,4.353083970529379,3.164074009815556,184.81744361153645,11.699578846154,7.718615698804177,7.505735492429079,0.08188869806731325,0.07817156654684594,1.556671394780398,0.7855382550726001,2.342209649852998,9.365238026160853
73,14.648826703035512,19.38550454615415,1.6291946415276028,1.6296838229176804,39998.552661417896,2.3650529813388848,2.847317177471056,4.071654077575118,-0.22315901896961768,3500.577074341913,3.1417643458232956,8.72926657537373,4.304023489265868,9.001085200817522,2.3410467164651316,2.357069892449741,8.005224911179903,15.084091222127775,31.30418949129068,39.40813810055879,4.351792837075351,3.1617620929745276,187.59360029686937,11.207348548774442,8.685458334524224,7.650153013228343,0.08108628026875075,0.08056373459408951,1.5414177533968445,0.809576912562546,2.3509946659593908,8.866353721188723
74,14.538715396704136,19.409834533208677,1.629189351996669,1.6296856959513792,39997.17943438681,2.3104079370916533,2.853318918938555,5.5003379970017,0.06452359863094634,3500.546501599677,3.6318394246231693,8.759671606876092,4.30295111400308,9.014280991959883,2.332209381427908,2.3693770288151073,9.253091349216286,14.991290969390217,31.45299919750584,99.91473531209672,4.352313233957378,3.1631243565478493,416.07297012902643,5.2353714583907225,17.850658626819875,16.640042512947872,0.1099943692246922,0.12296558555998886,2.090948961213709,1.2356688727337721,3.3266178339474815,1.9214743448039189
75,14.673644737103533,19.39115712364905,1.6293211163104326,1.6296891338753612,39996.29103866988,2.4912135670321036,2.833985061062271,4.282172779912045,0.2287227943477299,3500.551909976131,3.539394134810926,8.775174381954393,4.269085842048433,9.00143981811307,2.339646894510108,2.3587769599223702,8.069072381177227,15.032430422602655,31.360558169546593,21.556779979256838,4.3526595400149075,3.1606816435547005,135.93602124501248,23.351855831793078,5.421218185213575,5.468201400064145,0.07214273452885508,0.06687760908288613,1.3714045262997239,0.6720464059130145,2.043450932212738,21.31696399671738
76,14.70122407738576,19.427195770285316,1.629170114215585,1.6297141949391705,39995.41769421953,2.529788358948776,2.9668241794188366,5.4860789008661,-0.36990924003932063,3500.824908332463,4.802652467525545,9.561296957405354,4.137133269686761,9.033315568015444,2.3309008296196816,2.3592561733845736,13.293896712624177,15.720587589025815,32.84472680077186,98.92594785106827,4.35131392692085,3.163157621554672,620.2793594660961,4.731763255178489,22.788534162312178,22.42143588738883,0.1158656707682708,0.12519042205948894,2.2025600550365207,1.2580260322335983,3.4605860872701193,1.2853693726654878
77,14.671427444311865,19.42632919591743,1.6291731969798748,1.629673677929523,39994.836755553195,2.5312131433573795,2.9654465525548024,5.326669866216178,-0.2440160217050545,3500.834076444735,4.752244499841572,9.559471240007698,4.265345716779211,8.991839505298374,2.3312219888958947,2.3595171347831396,11.678462479978174,15.72218847117701,32.88546081402245,99.96933744241518,4.350284113713402,3.164147633223496,546.4061598507278,4.821792473349721,20.586500555202573,20.154911811536675,0.11232315492625417,0.12197481420594046,2.1352182458861213,1.225712710474075,3.360930956360196,1.4748887920426297
78,14.553363620687275,19.38852191089483,1.6291757859437084,1.6296882845829148,39996.48430409416,2.4138415242419424,2.8469479140621785,0.09894837144778768,0.2301192831584979,3500.6657338274717,3.5453586306206013,8.560288535886835,4.322836415009671,9.001436118381354,2.3286677163823097,2.357418270079162,8.010182537300222,15.003650061533241,31.40457855196944,43.14822680285983,4.352142137363715,3.1615611950482454,198.61426547840512,10.36244791690561,9.212780049451444,8.386167585021704,0.08246210586254847,0.09222134889510443,1.5675716476047017,0.9267231129120149,2.4942947605167167,7.878725875903759
79,14.67346459726353,19.38823651359474,1.6291743430696306,1.6296395470095058,39996.25658356068,2.3675054066886174,2.8365532605084094,0.329951039618253,0.21966716590770136,3500.5795703257245,3.592191206451422,8.746560603128495,3.941276064273702,9.0064256436843,2.340509471346228,2.3578473206614525,8.044560057364471,15.069777015637907,31.35804035641552,38.79766540851995,4.351441742376395,3.1605190364559275,186.73937048938868,11.356737598543093,8.69506016124834,7.667976921701294,0.08118654269429205,0.08325624940522916,1.5433237020014146,0.8366337246482073,2.379957426649622,8.987830007136129
80,14.650917309948195,19.40831968902002,1.6291729270783115,1.6297014353293875,39994.750137947325,2.398730013469748,2.842982148655749,4.499732756775467,-0.2581003313000121,3500.7218517534484,4.065282374276946,8.803343353872512,4.271843364207887,8.962026369314678,2.3281510771565275,2.3573061105133952,8.966027328211409,15.004508854364042,31.40550740847661,71.30842067707769,4.350846398182582,3.1644357373847756,310.6264210468315,6.1555001696281115,14.137982706268225,14.128253324172107,0.09642644613255216,0.1108558164286425,1.8330281704013638,1.1139790137097856,2.9470071841111496,3.2200888834667087
81,14.673700564851409,19.38673140945639,1.629169883222001,1.629916492176483,39996.142231410784,2.489524429793296,2.8342146812566567,2.0390124780915166,0.2536516128535805,3500.570074034141,3.3167000636818584,8.771289006329278,4.0570726664820045,9.001041655765345,2.3299549707046876,2.3581346936054137,8.004768239324374,15.04308750971577,31.300905730417146,20.825962817565333,4.353748601754971,3.1629546051677573,132.73213668493364,24.647426028167814,5.298021867486648,5.410001302656975,0.07060418972707348,0.06758389810582509,1.3421574050357763,0.6791438336756257,2.021301238711402,22.63298628900251
82,14.669249338688841,19.38856196379619,1.6291640704599515,1.6299598822424461,39996.03812378125,2.4922008423302002,2.846843766235089,4.05858858139436,0.2693148170177586,3500.662457685892,3.634583320833929,8.773481963337805,3.950079679525577,9.03542818775761,2.341120682300795,2.359507547039686,8.06296489346782,15.002238163633095,31.403164379735887,47.75556930165233,4.352055660807513,3.161453557142299,213.56609040681374,9.179423865636542,9.740581380593552,9.333666543280234,0.08648021425379122,0.09447882762929792,1.6439542808788699,0.9494082909640519,2.593362571842922,6.597159103527931
83,14.669754049492598,19.38698813704757,1.6291681795325816,1.6296871984722145,39994.03523911872,2.3464508297086097,2.836716729199216,4.889989312502833,0.2437922156575861,3500.8139806721797,3.5910621692676385,8.765812206966524,4.237250070966009,9.0084315051767,2.3414685547088623,2.3555994386432784,8.00318987626509,15.001785986114648,31.299670192958747,20.969945079479864,4.352715814785186,3.164411417748335,132.9800173397173,24.444312975950716,5.298021867486648,5.392177394184024,0.07203305931275912,0.06685676399459733,1.369319644311826,0.6718369357053091,2.041156580017135,22.410094731414905
84,14.67148407776976,19.427195770285316,1.6291742217155676,1.630018112113948,39995.40012128466,2.5373452397109344,2.8340967342920744,5.487261265288403,-0.3546962725581924,3500.8253192185375,4.080472210310243,9.463325956849408,4.382797022245932,9.068780235332241,2.3316340057159657,2.3588447598020235,13.021286350607072,15.762164702791113,32.88542592551493,99.18587735488693,4.351354241612257,3.1641143767156725,609.3201917894421,4.797613265423245,22.84559163611649,22.177585480286805,0.11662940085852017,0.1269194231205757,2.217078258560125,1.275400590996353,3.4924788495564782,1.3186500894940412
85,14.670727671050784,19.38852191089483,1.629174369302439,1.6296268989807847,39996.48430409416,2.4118275422388784,2.846933871791105,0.09894837144778768,0.25346412930906426,3500.6659946992604,3.547775040694927,8.560288535886835,4.300806956661361,9.001603681711638,2.3288118830517566,2.355455530342514,8.010289797844262,15.003650061533241,31.40801034910753,43.14822680285983,4.352142137363715,3.1614419514668524,198.6201630161465,10.207481658870202,9.212780049451444,8.386167585021704,0.08246210586254847,0.09222134889510443,1.5675716476047017,0.9267231129120149,2.4942947605167167,7.723829150694159
86,14.669246808169552,19.40797992427613,1.6291877480580754,1.6299546433697472,39996.08935669317,2.527151573723278,2.8468300662246158,4.287144980291269,0.2414722809953569,3500.553440624835,3.6432940611549234,8.7732438492393,4.303302052903018,9.000250283734898,2.3410647545582095,2.3593723819426033,8.855751646977048,15.019744285067242,31.370883566166043,96.42693778357237,4.35069106496979,3.161454141301912,388.06043516359944,5.392239977194308,17.690921239619513,16.494484447022863,0.10990659109897989,0.12267509267229874,2.0892803341551685,1.2327497387546629,3.3220300729098313,2.085759596942495
87,14.669690380946134,19.386368443566184,1.6291944897117783,1.6297084136541247,39996.24998951524,2.3464166041513224,2.8403655074142824,0.09716644036586075,0.2375706551509489,3500.56699031238,3.543128309667532,8.85414688397637,4.27694198649012,9.032622164901667,2.329021628662922,2.3581232450847636,8.027728422059704,15.037463688946215,31.36964021768256,22.11991765486958,4.3520806365320075,3.1607255182192566,137.22815298204054,22.72527595371803,5.421218185213575,5.4731313880165136,0.07206428555319119,0.06932563821799309,1.3699132426519436,0.6966464058887908,2.0665596485407343,20.667758717370095
88,14.538715396704136,19.386915178719743,1.629299301487042,1.6296856959513792,39997.17943438681,2.3104079370916533,2.853318918938555,5.5003379970017,0.2451632975574103,3501.0637234946594,3.2952972957035054,8.759671606876092,4.276935619835768,9.447708977768404,2.332209381427908,2.3693770288151073,9.256674578451278,14.990814223288638,31.45299919750584,99.91473531209672,4.352313233957378,3.1631243565478493,419.11813295391687,5.234470839812207,17.850658626819875,16.640042512947872,0.1099943692246922,0.12296558555998886,2.090948961213709,1.2356688727337721,3.3266178339474815,1.9205737262254037
89,14.673739791890592,19.38468445805577,1.6292110239468933,1.629920433103385,39997.18715266462,2.489519647892306,2.8339347124461858,3.217810986496339,0.23795434633764545,3500.570062993386,3.2871388827878043,8.768053512620133,4.278153163131154,9.001853155067773,2.332787327518213,2.359225595745582,8.000230271466629,15.03794640584036,31.40921900067462,25.94810890677107,4.352413291539663,3.1643943592132624,148.0355551370942,18.524922547685758,5.88493711600325,5.839141245266835,0.0743294294730252,0.07212887094385063,1.41297272251042,0.7248158112276606,2.137788533738081,16.39460825711581
90,14.672016689509055,19.377701088930113,1.6291612580891446,1.6296773214379736,39994.77587278153,2.3555728087581476,2.848680847125376,4.96735485633245,-0.1317793076140229,3501.079773104392,4.090070354210386,8.80405069620221,4.2995807315672785,9.001603681711638,2.3294160419845578,2.35752837788429,9.970973234916272,15.003310364057306,31.321217104439036,97.55476755169087,4.351035126863174,3.1614646302413907,436.75410272000795,5.122057169721979,20.331782251919595,17.625644859294443,0.11171409007547997,0.12296558555998886,2.1236401666988445,1.2356688727337721,3.359309039432617,1.7781174863895572
91,14.669246808169552,19.40797992427613,1.6291890750627693,1.6299546433697472,39996.08935669317,2.5274827328423606,2.8468300662246158,3.880936212755953,0.24056229275520552,3500.775634033426,3.5344999795244694,8.767977994570495,4.300795349742957,9.00664574705302,2.340300184130591,2.361018334585059,8.898290143148014,15.019823612235816,31.370883566166043,96.42693778357237,4.352250406479279,3.1614546017087015,389.79633940635415,5.381773735923098,17.690921239619513,16.494484447022863,0.10990659109897989,0.12267509267229874,2.0892803341551685,1.2327497387546629,3.3220300729098313,2.073801471821484
92,14.674956407203213,19.4281847723079,1.6291742315998046,1.6298988960235958,39993.50871427606,2.488482489048864,2.8350079395587047,3.2083559462822087,0.23776240701957552,3500.552457121009,3.626492688069927,8.773202183057107,3.8982042626443243,9.008828369361021,2.3320683556965713,2.358306828413767,8.005325892680611,15.009201067345092,31.3708756584075,33.829781020111525,4.352381727511512,3.1642840459372845,171.06321299908538,13.366004683249054,6.757372106835136,6.971174696792382,0.08142809846603,0.07634328476588476,1.5479155805998441,0.7671660342838993,2.315081614883743,11.059091841167803
93,14.671025191811932,19.38673140945639,1.629169883222001,1.6296900089593336,39996.13579729989,2.4868584433429715,2.8399269741499857,3.96752224910136,0.25348101674900286,3500.5669722496036,3.29985138797931,8.771289006329278,4.30297820188135,9.013409228010362,2.3299549707046876,2.3581287551407923,8.0052962795814,15.037463688946215,31.300215690057506,22.475236856187664,4.351464446676924,3.1629874853085176,137.6308718455759,22.24725370904919,5.421218185213575,5.4553074795435625,0.0712618677546287,0.06685676399459733,1.3546596012683898,0.6718369357053091,2.026496536973699,20.229025122947572
94,14.669249338688841,19.38856196379619,1.6291697595527284,1.6299621422516457,39996.043865358915,2.4922008423302002,2.846843766235089,4.05858858139436,0.25288229144307633,3500.662457685892,3.3014119747929582,8.773481963337805,3.950079679525577,9.03542818775761,2.3294340235025417,2.358119476424349,8.062799168349196,15.002238163633095,31.403164379735887,48.25974315643539,4.351921582280838,3.161453557142299,215.0459370433473,9.062752011234943,9.740581380593552,9.333666543280234,0.08567779645522873,0.09447882762929792,1.6287006394953163,0.9494082909640519,2.578108930459368,6.495785341347606
95,14.673416741793432,19.386915178719743,1.629309662698206,1.6297014241303065,39996.25993205495,2.311589442394372,2.8517060010259527,5.5003379970017,0.23802338760770164,3501.0637234946594,3.2952972957035054,8.760377440273666,4.277005093534818,9.000131669175818,2.322378769044864,2.3693782293507284,8.33836062440301,15.002510908121838,31.40807243554513,98.70124133471032,4.352338724502592,3.164265750928927,374.9423246482687,5.457794106465054,17.592360971892035,16.162164070255848,0.10887027143756212,0.1227794921045001,2.069580311919481,1.233798838208911,3.303379150128392,2.166141416954929
96,14.673739791890592,19.388513991617963,1.6292110239468933,1.6299474060916315,39994.7975988778,2.360818727510423,2.833348075729998,3.820959509477494,0.23795434633764545,3500.570062993386,3.2871388827878043,8.778367820293852,4.2793247982954234,9.001982424471143,2.332787327518213,2.359225595745582,8.04118685553346,15.037163382007826,31.409953077005987,25.94810890677107,4.352498072178263,3.1643943592132624,148.68208226578594,18.424134009550624,5.88493711600325,5.821317336793883,0.0743294294730252,0.07212887094385063,1.41297272251042,0.7248158112276606,2.137788533738081,16.293764863271225
97,14.650876216243367,19.4281847723079,1.629173258581366,1.629900145565415,39993.50871427606,2.488482489048864,2.834354231134304,3.2083559462822087,0.23392560535431428,3500.552457121009,3.641123118166494,8.773202183057107,4.3032949037468065,9.008828369361021,2.3409407256956625,2.3576888572861523,8.005325892680611,15.009201067345092,31.3708756584075,33.829781020111525,4.352775433698479,3.163241881318706,171.05958357538256,13.423409002378522,6.790550634535526,6.971174696792382,0.08220870281471508,0.07611964417814086,1.562754557026608,0.7649186923817197,2.3276732494083276,11.104168445620587
98,14.636731955692065,19.386972173771554,1.6292809191725157,1.630020771425239,39994.32851996644,2.3501024322098205,2.7891073340225434,0.03360713181264874,0.23070645889597538,3500.586397767338,3.665302236504062,8.767825663611577,4.304225233491442,9.001104198162158,2.3316369407483215,2.359179162380935,8.00382425419944,15.003257780390275,31.319604514654333,50.56666108416785,4.351515659023106,3.16428803325677,219.906249185762,8.789363334559459,9.660901665983936,10.44495995984118,0.08742066061193536,0.09894354629644964,1.6618317899686466,0.9942738023783927,2.656105592347039,6.143299032134456
99,14.673258238312265,19.388741303230944,1.6291727241454284,1.6296885290896186,39996.24998951524,2.368276816412516,2.846728508718676,4.899460418926784,0.24137782123015405,3500.6065910322527,3.3034818071894265,8.805404121677903,4.271810207102609,8.999430000304471,2.3217220361642164,2.358507328176122,8.07881339291827,15.03746450350934,31.411885921348084,51.092358046443245,4.351018222077201,3.1608312565672763,223.88998726713018,8.53808714376368,9.603380962805083,10.440029971888809,0.08604368397160148,0.09533329929455385,1.6356560148265555,0.9579947912810421,2.593650806107598,5.9567021271144975
