,N1,w1,l1,l2,h1,per,space1,space2,space3,space4,coil_width1,coil_width2,move_z1,move_z2,offset_z1,offset_z2,V,B,Lmt,Llt,w,l,h,total_loss,copperloss_tx,copperloss_rx,copperloss,coreloss
20,9.0,30.0,17.0,100.0,55.0,3500.0,23.0,24.0,13.0,9.0,3.0,4.0,1.0,1.0,0.0,0.0,1198.7855000000002,0.5987093512943401,502.9920085233009,31.990240580589273,79.0,170.5,89.0,230.08618897223334,117.36109029670884,71.63733143066436,188.9984217273732,41.08776724486015
48,9.0,30.0,17.0,97.0,55.0,3500.0,23.0,23.0,16.0,9.0,3.0,4.0,1.0,1.0,0.0,0.0,1170.6615000000002,0.5987093512943401,501.8449052608416,31.897049482838295,79.0,166.5,89.0,232.90959165966274,118.51962775234585,73.30219666245675,191.82182441480262,41.08776724486011
38,9.0,32.0,17.0,100.0,55.0,3500.0,23.0,23.0,13.0,11.0,3.0,4.0,1.0,1.0,0.0,0.0,1236.3435000000002,0.5612900168384438,503.6289835560446,31.74707980091731,81.0,171.5,89.0,228.86136582468913,117.82082730848231,71.86894074183267,189.68976805031497,39.17159777437414
54,9.0,32.0,17.0,100.0,55.0,3500.0,23.0,23.0,13.0,9.0,3.0,4.0,1.0,1.0,0.0,0.0,1221.9255,0.5612900168384438,516.3813041962586,31.984049320617352,81.0,169.5,89.0,228.91586202673975,118.36312555516035,71.38113869720524,189.7442642523656,39.17159777437414
90,9.0,31.0,22.0,101.0,82.0,3500.0,24.0,24.0,14.0,10.0,4.0,5.0,3.0,3.0,0.0,0.0,1919.0430000000003,0.44771520404708715,516.4544124024111,32.10757750307993,83.0,183.50000000000003,126.0,175.01308764115208,77.95417495823617,50.145764993162125,128.09993995139828,46.91314768975379
87,9.0,31.0,22.0,100.0,82.0,3500.0,24.0,24.0,14.0,10.0,4.0,5.0,3.0,3.0,0.0,0.0,1908.5850000000003,0.44771520404708715,516.4544124024111,32.10757750307993,83.0,182.50000000000003,126.0,175.0130876411521,77.95417495823617,50.145764993162125,128.09993995139828,46.91314768975382
16,9.0,35.0,14.0,97.0,55.0,3500.0,23.0,23.0,13.0,9.0,3.0,4.0,1.0,1.0,0.0,0.0,1119.0060000000003,0.6231464676737009,508.5567962975337,31.754203069062893,84.0,160.5,83.0,236.77380214985826,121.91010907167801,75.3945716998384,197.30468077151642,39.46912137834187
53,9.0,35.0,15.0,100.0,55.0,3500.0,23.0,23.0,13.0,11.0,3.0,4.0,1.0,1.0,0.0,0.0,1195.95,0.5816033698287875,506.3343542507661,31.860997816941747,84.0,167.5,84.99999999999999,232.27061715348333,120.13633183000087,73.72594804219806,193.86227987219894,38.408337281284425
60,9.0,32.0,22.0,101.0,82.0,3500.0,24.0,24.0,14.0,10.0,4.0,5.0,3.0,3.0,0.0,0.0,1942.1640000000004,0.43372410392061567,552.6179728258163,32.08500077124395,84.0,183.50000000000003,126.0,174.11054944656107,77.95417495823617,50.332559497255424,128.2867344554916,45.82381499106948
63,9.0,32.0,22.0,110.0,82.0,3500.0,24.0,24.0,14.0,10.0,4.0,5.0,3.0,3.0,0.0,0.0,2037.4200000000003,0.4337241039206157,504.6106199106159,32.504834601154556,84.0,192.5,126.0,173.05764982906868,76.80489630957413,50.428938528425036,127.23383483799917,45.82381499106949
26,9.0,32.0,22.0,104.0,82.0,3500.0,24.0,24.0,14.0,10.0,4.0,5.0,3.0,3.0,0.0,0.0,1973.9160000000004,0.4337241039206157,503.81995482085347,32.23190636253431,84.0,186.50000000000003,126.0,173.32013033600762,77.33288960989827,50.16342573503988,127.49631534493815,45.823814991069476
70,9.0,35.0,14.0,101.0,55.0,3500.0,23.0,24.0,13.0,9.0,3.0,4.0,1.0,1.0,0.0,0.0,1153.8660000000004,0.6231464676737007,503.9203104758267,31.848646634141193,84.0,165.5,83.0,234.4896488530114,121.45279842200028,73.56772905266928,195.02052747466956,39.46912137834183
22,9.0,32.0,22.0,110.0,82.0,3500.0,24.0,24.0,14.0,17.0,4.0,5.0,3.0,3.0,0.0,0.0,2111.5080000000003,0.4337241039206157,501.3138555748003,32.238503721194405,84.0,199.5,126.0,172.8465637160381,76.98772156605857,50.035027158910054,127.02274872496862,45.82381499106949
83,9.0,32.0,22.0,107.0,82.0,3500.0,24.0,24.0,14.0,10.0,4.0,5.0,3.0,3.0,0.0,0.0,2005.668,0.4337241039206157,503.81995482085347,32.24957857967268,84.0,189.5,126.0,173.1638894061586,77.17664868004923,50.16342573503988,127.3400744150891,45.82381499106949
89,9.0,32.0,22.0,100.0,82.0,3500.0,24.0,24.0,14.0,10.0,4.0,5.0,3.0,3.0,0.0,0.0,1931.5800000000002,0.43372410392061567,552.6179728258163,32.08500077124395,84.0,182.50000000000003,126.0,174.1105494465611,77.95417495823617,50.332559497255424,128.2867344554916,45.823814991069504
30,9.0,32.0,22.0,107.0,82.0,3500.0,24.0,24.0,14.0,16.0,4.0,5.0,3.0,3.0,0.0,0.0,2069.172,0.4337241039206157,500.5231904850379,31.964244315098924,84.0,195.5,126.0,173.00799587862068,77.35947393653366,49.82470695101753,127.1841808875512,45.82381499106949
94,9.0,35.0,15.0,100.0,55.0,3500.0,23.0,23.0,13.0,9.0,3.0,4.0,1.0,1.0,0.0,0.0,1181.67,0.5816033698287876,519.0866748909802,32.09796733664181,84.0,165.5,84.99999999999999,232.51526961027886,120.67863007667893,73.42830225231549,194.10693232899442,38.40833728128444
97,9.0,35.0,14.0,100.0,55.0,3500.0,23.0,24.0,13.0,9.0,3.0,4.0,1.0,1.0,0.0,0.0,1146.894,0.6231464676737007,503.9203104758267,31.848646634141193,84.0,164.5,83.0,234.48964885301146,121.45279842200028,73.56772905266928,195.02052747466956,39.46912137834189
41,9.0,38.0,13.0,100.0,55.0,3500.0,23.0,23.0,13.0,9.0,3.0,4.0,1.0,1.0,0.0,0.0,1138.0905,0.6181007472876788,539.9245626352839,31.984353292853267,87.0,161.5,81.0,235.61228249611736,121.54239728532235,75.78286723401028,197.32526451933262,38.287017976784725
45,9.0,35.0,17.0,99.0,74.0,3500.0,24.0,24.0,12.0,9.0,4.0,4.0,2.0,2.0,0.0,5.0,1597.3200000000002,0.5131794439665771,500.7636147013039,31.747556373842652,87.00000000000001,170.0,108.0,199.34629408744343,86.2185540743336,68.64355212925796,154.86210620359157,44.48418788385188
39,9.0,35.0,18.0,100.0,82.0,3500.0,24.0,24.0,13.0,9.0,4.0,4.0,3.0,4.0,0.0,0.0,1776.0180000000003,0.48466947485732287,532.3610161241274,31.980168107612457,87.00000000000001,173.00000000000003,118.00000000000001,182.81864748921708,78.59635480976634,57.63210432285187,136.2284591326182,46.59018835659889
42,9.0,35.0,17.0,99.0,82.0,3500.0,24.0,24.0,16.0,9.0,4.0,4.0,3.0,4.0,0.0,0.0,1715.6400000000003,0.5131794439665771,513.4479514236235,31.760089761473782,87.00000000000001,170.0,116.0,184.88016717105268,78.78539053848506,58.315463720282224,137.1008542587673,47.77931291228538
44,9.0,35.0,19.0,100.0,82.0,3500.0,24.0,24.0,14.0,10.0,4.0,5.0,3.0,3.0,0.0,0.0,1842.6600000000003,0.45916055512799014,522.1411255868721,31.944740914443567,87.00000000000001,176.50000000000003,120.0,175.51516023528148,78.67196761489426,51.321574199324274,129.99354181421853,45.521618421062975
49,9.0,35.0,21.0,104.0,92.0,3500.0,24.0,24.0,14.0,10.0,4.0,5.0,4.0,4.0,0.0,0.0,2150.9010000000007,0.4154309784491339,576.6103527827838,32.442672706935625,87.00000000000001,184.50000000000003,134.0,172.83956343669956,76.32132081317772,49.314478344378756,125.63579915755648,47.203764279143094
59,9.0,35.0,19.0,99.0,82.0,3500.0,24.0,24.0,16.0,10.0,4.0,5.0,3.0,3.0,0.0,0.0,1832.2200000000003,0.45916055512799014,528.2218118816137,31.925851609810987,87.00000000000001,175.50000000000003,120.0,177.3700035569936,78.91893641924659,52.929448716684036,131.84838513593064,45.52161842106296
67,9.0,35.0,21.0,108.0,92.0,3500.0,24.0,24.0,14.0,10.0,4.0,5.0,4.0,4.0,0.0,0.0,2197.5330000000004,0.4154309784491339,576.6103527827838,32.736515212381995,87.00000000000001,188.5,134.0,172.68332250685046,76.16507988332866,49.314478344378756,125.47955822770741,47.20376427914306
69,9.0,35.0,19.0,100.0,82.0,3500.0,24.0,24.0,14.0,14.0,4.0,5.0,3.0,3.0,0.0,0.0,1884.4200000000003,0.45916055512799014,516.6945711700139,31.96015975443639,87.00000000000001,180.50000000000003,120.0,175.3642018484309,78.9370300392412,50.90555338812671,129.8425834273679,45.521618421062975
72,9.0,35.0,17.0,93.0,64.0,3500.0,24.0,24.0,16.0,9.0,4.0,4.0,1.0,2.0,0.0,0.0,1398.2640000000004,0.5131794439665771,530.0986026599762,31.77282128494286,87.00000000000001,164.0,98.0,207.1626305505388,98.84875872088865,67.94859023134009,166.79734895222873,40.365281598310055
73,9.0,35.0,21.0,106.0,92.0,3500.0,24.0,24.0,14.0,10.0,4.0,5.0,4.0,4.0,0.0,0.0,2174.2170000000006,0.4154309784491339,576.6103527827838,32.442672706935625,87.00000000000001,186.5,134.0,172.83956343669954,76.32132081317772,49.314478344378756,125.63579915755648,47.20376427914306
84,9.0,35.0,19.0,100.0,82.0,3500.0,24.0,24.0,14.0,12.0,4.0,5.0,3.0,3.0,0.0,0.0,1863.5400000000004,0.45916055512799014,515.411999707014,31.92801665100663,87.00000000000001,178.50000000000003,120.0,175.4096414796811,78.55174160557642,51.33628145304172,129.88802305861816,45.521618421062975
91,9.0,35.0,17.0,100.0,82.0,3500.0,24.0,24.0,13.0,9.0,4.0,4.0,3.0,4.0,0.0,0.0,1725.7320000000004,0.5131794439665771,516.8008341953588,31.755731999293996,87.00000000000001,171.0,116.0,183.85366547778045,78.43823827696386,57.6361142885312,136.07435256549508,47.77931291228538
93,9.0,35.0,19.0,98.0,82.0,3500.0,24.0,24.0,16.0,10.0,4.0,5.0,3.0,3.0,0.0,0.0,1821.7800000000002,0.45916055512799014,543.7498451323149,31.77684527206201,87.00000000000001,174.50000000000003,120.0,177.53702671129858,79.00962592407512,53.00578236616047,132.0154082902356,45.521618421062996
55,9.0,35.0,18.0,98.0,82.0,3500.0,24.0,24.0,13.0,9.0,4.0,4.0,3.0,4.0,0.0,0.0,1755.4860000000003,0.48466947485732287,545.5545912759007,31.81227246523095,87.00000000000001,171.0,118.00000000000001,183.5993308876845,78.90544209257611,58.103700438509485,137.0091425310856,46.59018835659889
37,9.0,35.0,18.0,97.0,75.0,3500.0,24.0,24.0,13.0,9.0,4.0,4.0,2.0,3.0,0.0,1.0,1641.6900000000003,0.48466947485732287,534.8845218678524,31.841116304412658,87.00000000000001,170.0,111.0,194.60150866331804,88.35845478796621,62.416690251771556,150.77514503973777,43.8263636235803
99,9.0,35.0,17.0,101.0,82.0,3500.0,24.0,24.0,13.0,9.0,4.0,4.0,3.0,4.0,0.0,0.0,1735.824,0.5131794439665771,516.8008341953588,31.755731999293996,87.00000000000001,172.0,116.0,183.85366547778042,78.43823827696386,57.6361142885312,136.07435256549508,47.77931291228536
14,9.0,35.0,17.0,100.0,64.0,3500.0,24.0,24.0,13.0,9.0,4.0,4.0,1.0,2.0,0.0,0.0,1457.9460000000004,0.5131794439665771,514.9047291811297,32.441048256460206,87.00000000000001,171.0,98.0,202.77295037473118,96.67217460268756,65.73549417373358,162.40766877642113,40.365281598310055
12,9.0,35.0,19.0,97.0,82.0,3500.0,24.0,24.0,16.0,10.0,4.0,5.0,3.0,3.0,0.0,0.0,1811.3400000000001,0.45916055512799026,547.1594416118558,31.86712001008181,87.00000000000001,173.50000000000003,120.0,178.2652306791233,79.67306384176726,53.07054841629305,132.7436122580603,45.52161842106298
25,9.0,35.0,17.0,100.0,74.0,3500.0,24.0,24.0,13.0,9.0,4.0,4.0,2.0,2.0,0.0,5.0,1606.7160000000001,0.5131794439665771,503.3821712540171,31.755504400097504,87.00000000000001,171.0,108.0,198.0639904160895,86.00959271768238,67.57020981455518,153.57980253223758,44.4841878838519
9,9.0,35.0,19.0,98.0,82.0,3500.0,24.0,24.0,13.0,9.0,4.0,4.0,3.0,4.0,0.0,0.0,1806.1200000000003,0.45916055512799014,542.8527102134916,32.26517208736023,87.00000000000001,173.00000000000003,120.0,182.48181723732154,78.90544209257611,58.05475672368243,136.96019881625853,45.521618421062996
8,9.0,35.0,16.0,100.0,64.0,3500.0,24.0,24.0,13.0,9.0,4.0,4.0,1.0,2.0,0.0,0.0,1411.4880000000003,0.5452531592144882,501.2151931073649,31.84582704511546,87.00000000000001,169.0,96.0,203.11703342920805,96.08670306288805,65.6745177772823,161.76122084017035,41.355812589037726
29,9.0,35.0,17.0,92.0,64.0,3500.0,24.0,24.0,12.0,9.0,4.0,4.0,1.0,2.0,0.0,0.0,1389.7380000000003,0.513179443966577,531.0166464644104,31.742973793960783,87.00000000000001,163.0,98.0,208.3382665841243,98.68160057384512,69.29138441196912,167.97298498581424,40.36528159831008
21,9.0,35.0,17.0,94.0,64.0,3500.0,24.0,24.0,16.0,9.0,4.0,4.0,1.0,2.0,0.0,0.0,1406.7900000000002,0.5131794439665771,538.3151162535048,31.77937639270103,87.00000000000001,165.0,98.0,206.49978032998786,98.78699856324626,67.34750016843155,166.1344987316778,40.36528159831007
5,9.0,35.0,21.0,110.0,92.0,3500.0,24.0,24.0,14.0,10.0,4.0,5.0,4.0,4.0,0.0,0.0,2220.8490000000006,0.41543097844913385,578.3890995358474,32.84523680216232,87.00000000000001,190.5,134.0,172.5269570687397,75.74320165183276,49.57999113776391,125.32319278959667,47.203764279143044
33,9.0,35.0,18.0,100.0,64.0,3500.0,24.0,24.0,13.0,9.0,4.0,4.0,1.0,2.0,0.0,0.0,1505.1000000000004,0.48466947485732287,529.9158101576694,32.66548436477867,87.00000000000001,173.00000000000003,100.0,202.6785259841776,97.46383130442943,65.73148420805424,163.19531551248366,39.48321047169393
79,9.0,36.0,16.0,100.0,72.0,3500.0,24.0,24.0,13.0,9.0,4.0,4.0,1.0,3.0,-3.0,0.0,1546.6880000000003,0.5301072381251969,530.906199484522,31.755832719361543,88.00000000000001,169.0,104.00000000000001,201.90554358360373,96.95702449974799,61.070686466504895,158.02771096625287,43.87783261735084
78,9.0,43.0,10.0,101.0,55.0,3500.0,23.0,23.0,13.0,9.0,3.0,4.0,1.0,1.0,0.0,0.0,1079.8500000000001,0.7100971375816592,516.7081128050919,32.015774165549864,92.0,156.50000000000003,75.0,238.9524613957699,122.14180427809387,77.5263523368118,199.66815661490568,39.28430478086423
64,9.0,40.0,16.0,104.0,64.0,3500.0,24.0,24.0,13.0,9.0,4.0,4.0,1.0,2.0,0.0,0.0,1527.9360000000001,0.4770965143126772,551.2296784625208,32.381834928189754,92.0,173.00000000000003,96.0,202.48896873621118,97.67954065422038,67.344705782606,165.0242464368264,37.464722299384775
58,9.0,43.0,10.0,97.0,55.0,3500.0,23.0,23.0,13.0,9.0,3.0,4.0,1.0,1.0,0.0,0.0,1052.25,0.7100971375816593,506.53965354199784,31.920358188175083,92.0,152.50000000000003,75.0,241.56854138425388,123.099781772889,79.18445483050063,202.28423660338962,39.28430478086424
85,9.0,43.0,10.0,98.0,55.0,3500.0,23.0,23.0,13.0,9.0,3.0,4.0,1.0,1.0,0.0,0.0,1059.1500000000003,0.7100971375816593,506.53965354199784,31.832998083326412,92.0,153.50000000000003,75.0,240.79889314454692,122.35361291726254,79.16097544642012,201.51458836368266,39.284304780864275
65,9.0,44.0,10.0,98.0,55.0,3500.0,23.0,23.0,13.0,9.0,3.0,4.0,1.0,1.0,0.0,0.0,1070.6625000000001,0.6939585662729852,506.2969122241068,32.1978310283787,93.0,153.50000000000003,75.0,240.13271173103232,122.35009300048681,79.16097544642012,201.51106844690693,38.621643284125376
52,9.0,44.0,10.0,101.0,55.0,3500.0,23.0,23.0,13.0,9.0,3.0,4.0,1.0,1.0,0.0,0.0,1091.5875,0.6939585662729852,516.4653714872009,32.38060711060211,93.0,156.50000000000003,75.0,238.28627998225528,122.13828436131813,77.5263523368118,199.66463669812993,38.621643284125355
3,9.0,45.0,10.0,86.0,54.0,3500.0,23.0,23.0,11.0,8.0,3.0,3.0,1.0,1.0,0.0,1.0,973.8400000000001,0.6785372648002521,500.4393678762496,32.93105192265235,94.0,140.0,74.0,263.7482229679821,123.96942693071287,102.30057872570586,226.27000565641873,37.47821731156339
19,9.0,45.0,10.0,86.0,56.0,3500.0,23.0,23.0,17.0,9.0,3.0,4.0,1.0,1.0,0.0,0.0,1010.8760000000002,0.678537264800252,500.6811754326221,31.750078999932178,94.0,141.50000000000003,76.0,246.97148331639733,125.00896895289074,83.4713722597388,208.48034121262953,38.49114210376779
2,9.0,45.0,10.0,86.0,55.0,3500.0,23.0,23.0,19.0,9.0,3.0,4.0,1.0,1.0,0.0,0.0,997.5750000000002,0.678537264800252,500.6811754326221,31.78985541011724,94.0,141.50000000000003,75.0,248.52430728228194,125.37492632312686,85.16470125148952,210.53962757461636,37.98467970766557
61,9.0,45.0,10.0,92.0,55.0,3500.0,23.0,23.0,13.0,9.0,3.0,4.0,1.0,1.0,0.0,0.0,1039.8750000000002,0.6785372648002521,507.6258562770319,32.8521314476227,94.0,147.50000000000003,75.0,244.31976681817414,124.9315738239877,81.40351328652085,206.33508711050854,37.984679707665585
0,9.0,45.0,10.0,84.0,54.0,3500.0,23.0,23.0,11.0,8.0,3.0,3.0,1.0,1.0,0.0,-4.0,959.9280000000001,0.678537264800252,503.19720832658214,32.38120378364619,94.0,138.0,74.0,264.91403781915784,125.06130674711959,102.3745137604749,227.43582050759449,37.47821731156335
51,9.0,45.0,10.0,93.0,55.0,3500.0,23.0,23.0,13.0,9.0,3.0,4.0,1.0,1.0,0.0,0.0,1046.9250000000002,0.6785372648002521,507.6258562770319,32.85397582247124,94.0,148.50000000000003,75.0,243.306633908162,124.99483701918324,80.32711718131318,205.3219542004964,37.984679707665585
32,9.0,45.0,10.0,88.0,55.0,3500.0,23.0,23.0,16.0,9.0,3.0,4.0,1.0,1.0,0.0,0.0,1011.6750000000001,0.6785372648002521,502.0741310958101,31.77175384283702,94.0,143.50000000000003,75.0,244.4893468792721,125.17682555545619,81.32784161615034,206.5046671716065,37.984679707665585
56,9.0,45.0,13.0,95.0,82.0,3500.0,24.0,24.0,13.0,9.0,4.0,4.0,3.0,4.0,0.0,0.0,1655.2080000000003,0.52195174215404,582.3002478375618,31.807065434620867,97.0,158.0,108.00000000000001,191.24931446071838,84.26010514061527,61.9435570356676,146.20366217628288,45.04565228443551
75,9.0,45.0,12.0,98.0,82.0,3500.0,24.0,24.0,13.0,9.0,4.0,4.0,3.0,3.0,0.0,4.0,1634.8380000000002,0.5654477206668768,518.052653547971,31.7930634429928,97.0,159.0,106.00000000000001,195.90097380612724,83.31644600324223,65.67522820836092,148.99167421160314,46.909299594524086
76,9.0,45.0,13.0,97.0,74.0,3500.0,24.0,24.0,13.0,9.0,4.0,4.0,2.0,3.0,0.0,0.0,1552.0,0.5219517421540402,584.9535495354742,31.77444662647655,97.0,160.0,100.0,201.24482691137376,91.88381870220019,67.65207090877033,159.53588961097051,41.70893730040325
23,9.0,45.0,12.0,100.0,64.0,3500.0,24.0,24.0,13.0,9.0,4.0,4.0,1.0,2.0,0.0,0.0,1374.296,0.5654477206668767,546.2510854599834,32.01835172212577,97.0,161.0,88.0,210.1748928325032,101.00290480761167,70.22841855019227,171.23132335780394,38.94356947469924
46,9.0,45.0,12.0,99.0,64.0,3500.0,24.0,24.0,13.0,9.0,4.0,4.0,1.0,2.0,0.0,0.0,1365.76,0.5654477206668767,542.7656930451384,31.91622542860846,97.0,160.0,88.0,211.61841646413217,101.249873611964,71.42497337746893,172.67484698943292,38.94356947469924
27,9.0,48.0,10.0,97.0,64.0,3500.0,23.0,23.0,13.0,9.0,3.0,4.0,2.0,2.0,0.0,0.0,1242.5700000000004,0.6361286857502365,542.2843939130963,31.804101273606985,97.0,152.50000000000003,84.0,226.1048149796011,111.62534167494584,73.92066034756452,185.54600202251038,40.55881295709074
80,9.0,45.0,13.0,97.0,82.0,3500.0,24.0,24.0,13.0,9.0,4.0,4.0,3.0,4.0,0.0,0.0,1676.1600000000003,0.52195174215404,576.7093403911011,32.199076041111745,97.0,160.0,108.00000000000001,190.8810853714982,83.98376725147754,61.85166583558513,145.83543308706268,45.04565228443551
81,9.0,45.0,11.0,93.0,64.0,3500.0,24.0,24.0,16.0,9.0,4.0,4.0,1.0,1.0,0.0,-3.0,1267.984,0.6168520589093202,505.6190495039446,32.082271999867814,97.0,152.0,86.0,223.6376829519605,102.90363041762201,80.1444246756858,183.04805509330782,40.5896278586527
82,9.0,45.0,11.0,92.0,64.0,3500.0,24.0,24.0,16.0,9.0,4.0,4.0,1.0,1.0,0.0,-3.0,1259.642,0.6168520589093202,505.6190495039446,32.080427625019276,97.0,151.0,86.0,223.9400932248485,103.01668060601497,80.33378476018082,183.3504653661958,40.5896278586527
43,9.0,45.0,12.0,97.0,82.0,3500.0,24.0,24.0,13.0,9.0,4.0,4.0,3.0,3.0,0.0,4.0,1624.5560000000003,0.5654477206668768,512.9408234124764,31.88333818101261,97.0,158.0,106.00000000000001,196.36373610144238,83.85338728670338,65.60104922021489,149.45443650691828,46.90929959452411
31,9.0,45.0,10.0,103.0,64.0,3500.0,24.0,24.0,13.0,9.0,4.0,4.0,1.0,1.0,0.0,1.0,1303.6800000000005,0.6785372648002521,500.0630476097924,32.511881927624,97.0,160.00000000000003,84.0,217.80010262923165,97.9089770223477,77.34828433429854,175.25726135664624,42.54284127258541
4,8.0,45.0,25.0,100.0,79.0,3500.0,24.0,24.0,14.0,10.0,4.0,5.0,3.0,3.0,-2.0,1.0,2358.700500000001,0.3053417691601135,758.1829003661628,31.95780990073988,97.0,188.50000000000003,129.0,171.20419452063362,79.03793069087055,51.45948868263362,130.49741937350416,40.706775147129456
36,9.0,45.0,13.0,99.0,82.0,3500.0,24.0,24.0,16.0,10.0,4.0,5.0,3.0,3.0,0.0,0.0,1712.8260000000005,0.52195174215404,563.9284673068016,31.814062017591265,97.0,163.5,108.00000000000001,186.87673171613054,83.81266872867472,58.0184107030203,141.83107943169503,45.04565228443551
74,9.0,45.0,13.0,100.0,74.0,3500.0,24.0,24.0,13.0,9.0,4.0,4.0,2.0,3.0,0.0,0.0,1581.1000000000001,0.52195174215404,572.4618892215971,31.82468806821725,97.0,163.0,100.0,200.22438045788078,90.99240208005602,67.52304107742152,158.51544315747753,41.70893730040322
10,9.0,45.0,11.0,94.0,64.0,3500.0,24.0,24.0,13.0,9.0,4.0,4.0,1.0,1.0,0.0,4.0,1276.326,0.6168520589093202,502.2217277313312,32.11551865268063,97.0,153.0,86.0,222.3092854836728,102.10984833813632,79.60980928688375,181.71965762502006,40.589627858652726
77,9.0,45.0,13.0,99.0,74.0,3500.0,24.0,24.0,13.0,9.0,4.0,4.0,2.0,3.0,0.0,0.0,1571.4000000000003,0.52195174215404,569.4255162847729,31.812032187323428,97.0,162.0,100.0,200.62519245678635,91.23937088440837,67.67688427197474,158.9162551563831,41.70893730040322
35,9.0,45.0,13.0,94.0,82.0,3500.0,24.0,24.0,16.0,9.0,4.0,4.0,3.0,4.0,0.0,0.0,1644.7320000000002,0.52195174215404,610.8490509972914,31.743540016614762,97.0,157.0,108.00000000000001,192.37999099704524,84.91532457486589,62.41901413774386,147.33433871260974,45.04565228443549
13,9.0,45.0,12.0,97.0,64.0,3500.0,24.0,24.0,13.0,9.0,4.0,4.0,1.0,2.0,0.0,0.0,1348.688,0.5654477206668768,558.1929580809066,31.878639867761596,97.0,158.0,88.0,212.29765913408878,101.95392964512502,71.40016001426451,173.35408965938953,38.943569474699245
68,8.0,45.0,25.0,101.0,82.0,3500.0,24.0,24.0,13.0,10.0,4.0,5.0,3.0,4.0,-3.0,0.0,2426.3580000000006,0.30534176916011346,742.4634107113609,31.975105786972563,97.0,189.50000000000003,132.0,168.2488463574531,79.1014389255197,47.49396309533582,126.59540202085552,41.65344433659757
34,9.0,45.0,13.0,98.0,82.0,3500.0,24.0,24.0,13.0,9.0,4.0,4.0,3.0,4.0,0.0,0.0,1686.6360000000004,0.52195174215404,576.7093403911011,32.108801303091965,97.0,161.0,108.00000000000001,190.41832307618304,83.4468259680164,61.92584482373116,145.37267079174757,45.04565228443549
57,8.0,45.0,25.0,100.0,82.0,3500.0,24.0,24.0,13.0,10.0,4.0,5.0,3.0,4.0,-3.0,0.0,2413.5540000000005,0.30534176916011346,742.4634107113609,31.975105786972563,97.0,188.50000000000003,132.0,168.24884635745312,79.1014389255197,47.49396309533582,126.59540202085552,41.65344433659759
18,9.0,45.0,13.0,97.0,82.0,3500.0,24.0,24.0,16.0,10.0,4.0,5.0,3.0,3.0,0.0,0.0,1691.8740000000003,0.5219517421540402,579.4565005575029,31.77228730987283,97.0,161.5,108.00000000000001,187.6353112089966,84.45711654646655,58.132542378094506,142.58965892456106,45.045652284435526
11,9.0,45.0,10.0,100.0,64.0,3500.0,24.0,24.0,13.0,9.0,4.0,4.0,1.0,1.0,0.0,1.0,1279.2360000000003,0.6785372648002521,500.0630476097924,32.511881927624,97.0,157.00000000000003,84.0,217.8001026292317,97.9089770223477,77.34828433429854,175.25726135664624,42.54284127258547
62,9.0,49.0,10.0,97.0,64.0,3500.0,23.0,23.0,13.0,9.0,3.0,4.0,2.0,2.0,0.0,0.0,1255.3800000000003,0.6231464676737011,542.2843939130963,32.065279227300834,98.0,152.50000000000003,84.0,225.49065498372386,111.62534167494584,73.92066034756452,185.54600202251038,39.9446529612135
96,8.0,48.0,25.0,101.0,83.0,3500.0,24.0,24.0,13.0,10.0,4.0,5.0,4.0,4.0,0.0,0.0,2520.350000000001,0.2862579085876064,818.9765178108379,32.106091086137006,100.0,189.50000000000003,133.0,164.09703826494334,76.12306077896136,47.962243436000215,124.08530421496158,40.01173404998176
71,8.0,48.0,25.0,98.0,83.0,3500.0,24.0,24.0,13.0,10.0,4.0,5.0,4.0,4.0,0.0,0.0,2480.4500000000003,0.28625790858760636,837.9965939016289,31.976297574340215,100.0,186.50000000000003,133.0,166.09516462493366,76.413279196109,49.67015137884288,126.08343057495188,40.01173404998176
98,8.0,48.0,25.0,96.0,83.0,3500.0,24.0,24.0,13.0,10.0,4.0,5.0,4.0,4.0,0.0,0.0,2453.8500000000004,0.28625790858760636,837.4577405550602,31.81368633715027,100.0,184.50000000000003,133.0,166.82888300158007,76.92415620561391,49.8929927459844,126.81714895159831,40.01173404998176
66,8.0,48.0,25.0,95.0,83.0,3500.0,24.0,24.0,13.0,10.0,4.0,5.0,4.0,4.0,0.0,0.0,2440.5500000000006,0.28625790858760636,839.4481051126804,31.747514717503194,100.0,183.50000000000003,133.0,166.8462163777931,76.98472190667366,49.849760421137674,126.83448232781133,40.01173404998176
47,8.0,48.0,25.0,100.0,76.0,3500.0,24.0,24.0,14.0,10.0,4.0,5.0,3.0,3.0,0.0,0.0,2375.100000000001,0.28625790858760636,836.7976106335009,32.038650544140616,100.0,188.50000000000003,126.0,170.48723051265443,80.0482361552578,52.53314104688762,132.5813772021454,37.90585331050903
86,8.0,48.0,25.0,100.0,83.0,3500.0,24.0,24.0,13.0,10.0,4.0,5.0,4.0,4.0,0.0,0.0,2507.0500000000006,0.2862579085876064,818.9765178108379,32.106091086137006,100.0,188.50000000000003,133.0,164.09703826494336,76.12306077896136,47.962243436000215,124.08530421496158,40.011734049981776
28,8.0,49.0,25.0,100.0,76.0,3500.0,24.0,24.0,14.0,10.0,4.0,5.0,3.0,3.0,0.0,0.0,2398.8510000000006,0.2804159104531654,875.289943051559,32.03836169528374,101.0,188.50000000000003,126.0,169.91324283856903,80.0482361552578,52.53314104688762,132.5813772021454,37.331865636423636
88,8.0,49.0,25.0,95.0,83.0,3500.0,24.0,24.0,13.0,10.0,4.0,5.0,4.0,4.0,0.0,0.0,2464.9555000000005,0.2804159104531654,877.9404375307386,31.74722586864631,101.0,183.50000000000003,133.0,166.2403404995918,76.98472190667366,49.849760421137674,126.83448232781133,39.405858171780494
92,8.0,49.0,25.0,101.0,83.0,3500.0,24.0,24.0,13.0,10.0,4.0,5.0,4.0,4.0,0.0,0.0,2545.5535000000004,0.2804159104531654,857.468850228896,32.10580223728013,101.0,189.50000000000003,133.0,163.49116238674205,76.12306077896136,47.962243436000215,124.08530421496158,39.40585817178048
95,8.0,49.0,25.0,100.0,83.0,3500.0,24.0,24.0,13.0,10.0,4.0,5.0,4.0,4.0,0.0,0.0,2532.120500000001,0.2804159104531654,857.468850228896,32.10580223728013,101.0,188.50000000000003,133.0,163.49116238674208,76.12306077896136,47.962243436000215,124.08530421496158,39.405858171780494
7,8.0,50.0,27.0,107.0,83.0,3500.0,24.0,24.0,14.0,10.0,4.0,5.0,4.0,4.0,0.0,0.0,2787.8130000000006,0.2544514743000945,814.0929553919267,32.769497636247706,102.00000000000001,199.5,137.0,162.41255003729083,75.97998148819406,48.65765900476702,124.63764049296108,37.77490954432976
6,8.0,50.0,25.0,107.0,83.0,3500.0,24.0,24.0,14.0,10.0,4.0,5.0,4.0,4.0,0.0,0.0,2652.1530000000002,0.27480759224410206,773.7337886362745,32.24350816906589,102.00000000000001,195.5,133.0,162.4640016903968,75.95227700577837,47.69060243427176,123.64287944005014,38.821122250346676
50,8.0,50.0,25.0,96.0,83.0,3500.0,24.0,24.0,13.0,10.0,4.0,5.0,4.0,4.0,0.0,0.0,2502.9270000000006,0.27480759224410206,878.2644906816062,31.813397488293386,102.00000000000001,184.50000000000003,133.0,165.50640059340992,76.92415620561391,49.76112213744932,126.68527834306323,38.821122250346676
24,8.0,50.0,25.0,100.0,83.0,3500.0,24.0,24.0,13.0,10.0,4.0,5.0,4.0,4.0,0.0,0.0,2557.1910000000007,0.27480759224410206,859.7832679373838,32.10580223728013,102.00000000000001,188.50000000000003,133.0,162.77455585677316,76.12306077896136,47.83037282746513,123.9534336064265,38.82112225034666
1,8.0,50.0,27.0,108.0,83.0,3500.0,24.0,24.0,14.0,10.0,4.0,5.0,4.0,4.0,0.0,0.0,2801.7870000000003,0.2544514743000945,814.0929553919267,32.91453603993774,102.00000000000001,200.5,137.0,162.41255003729083,75.97998148819406,48.65765900476702,124.63764049296108,37.77490954432974
15,8.0,50.0,25.0,104.0,83.0,3500.0,24.0,24.0,14.0,10.0,4.0,5.0,4.0,4.0,0.0,0.0,2611.455000000001,0.27480759224410206,773.7337886362745,32.22583595192752,102.00000000000001,192.50000000000003,133.0,162.62024262024585,76.1085179356274,47.69060243427176,123.79912036989916,38.821122250346676
40,9.0,51.0,10.0,97.0,64.0,3500.0,24.0,24.0,13.0,9.0,4.0,4.0,1.0,2.0,0.0,0.0,1332.4080000000004,0.59870935129434,611.7668068827219,31.938773651809512,103.00000000000001,154.00000000000003,84.0,216.4804718644752,102.4630965859478,75.23790956427736,177.70100615022517,38.779465714250044
17,9.0,51.0,10.0,98.0,64.0,3500.0,24.0,24.0,13.0,9.0,4.0,4.0,1.0,2.0,0.0,0.0,1341.0600000000004,0.59870935129434,611.7668068827219,31.851413546960867,103.00000000000001,155.00000000000003,84.0,215.95810135379082,101.86654708711745,75.31208855242339,177.17863563954086,38.77946571424999
